title,views,likes,comments,duration,published,duration_sec,duration_min,likes_per_view,comments_per_view,engagement_rate,upload_quarter,day_of_week,day_name,month,year,category
Ai_Parse_Document in Databricks | Pulling Text and Tabular Data from PDFs,1507,58,7,PT14M46S,2026-02-03 13:00:07+00:00,886,14.766666666666667,0.038487060384870604,0.0046449900464499,0.043132050431320505,2026Q1,1,Tuesday,2,2026,Other
What is IDP in Databricks?,2687,87,10,PT8M7S,2026-01-27 13:00:39+00:00,487,8.116666666666667,0.0323781168589505,0.003721622627465575,0.03609973948641608,2026Q1,1,Tuesday,1,2026,Other
How to Collaborate in Data Roles | Soft Skills in Tech,3041,121,10,PT8M9S,2026-01-20 13:01:05+00:00,489,8.15,0.03978954291351529,0.003288391976323578,0.04307793488983887,2026Q1,1,Tuesday,1,2026,Tutorial
How to Learn to Solve Problems | Problem Solving Lifecycle | Soft Skills in Tech,7482,389,18,PT9M21S,2026-01-13 13:01:53+00:00,561,9.35,0.05199144613739642,0.0024057738572574178,0.054397219994653835,2026Q1,1,Tuesday,1,2026,Tutorial
Communication in Data Roles | Soft Skills in Tech,8385,388,29,PT15M45S,2026-01-06 13:01:46+00:00,945,15.75,0.04627310673822302,0.0034585569469290397,0.049731663685152055,2026Q1,1,Tuesday,1,2026,Other
"What Does a Data Analyst Do: Meetings, Data, Excel, SQL",9229,381,28,PT6M25S,2025-12-30 13:01:41+00:00,385,6.416666666666667,0.04128291255824033,0.0030339148336764547,0.04431682739191679,2025Q4,1,Tuesday,12,2025,Tools
"Day in the Life of a Data Analyst: Meetings, SQL, So Much Food",9358,359,34,PT11M20S,2025-12-23 13:00:40+00:00,680,11.333333333333334,0.03836289805513999,0.0036332549690104724,0.04199615302415046,2025Q4,1,Tuesday,12,2025,Tools
Data Analyst Salary in 2025: $50k to $175k,7073,260,48,PT9M21S,2025-12-16 13:01:15+00:00,561,9.35,0.03675950798812385,0.006786370705499788,0.04354587869362364,2025Q4,1,Tuesday,12,2025,Career
Learn Databricks in Under 2 Hours,58590,1358,74,PT1H40M15S,2025-12-09 13:00:23+00:00,6015,100.25,0.02317801672640382,0.0012630141662399728,0.024441030892643795,2025Q4,1,Tuesday,12,2025,Tutorial
Building an End-to-End Data Project in Databricks (Free Edition),20702,567,36,PT39M29S,2025-12-02 13:01:37+00:00,2369,39.483333333333334,0.027388658100666603,0.001738962419089943,0.029127620519756547,2025Q4,1,Tuesday,12,2025,Project
Genie and AI in Databricks,8095,235,22,PT19M4S,2025-11-25 13:00:42+00:00,1144,19.066666666666666,0.029030265596046944,0.002717726991970352,0.0317479925880173,2025Q4,1,Tuesday,11,2025,Other
Analyzing Data with SQL and Visualizations in Databricks,12422,435,28,PT21M,2025-11-18 13:00:07+00:00,1260,21.0,0.035018515536950574,0.0022540653678956688,0.03727258090484624,2025Q4,1,Tuesday,11,2025,Tools
Working with Data in Databricks (Free Edition),17818,586,49,PT13M17S,2025-11-11 13:00:54+00:00,797,13.283333333333333,0.03288809069480301,0.002750028061510832,0.03563811875631384,2025Q4,1,Tuesday,11,2025,Career
Data is for Decision Making,12511,559,7,PT51S,2025-11-06 13:22:22+00:00,51,0.85,0.04468068100071937,0.0005595076332827112,0.04524018863400208,2025Q4,3,Thursday,11,2025,Other
Intro to Databricks (Free Edition) | UI Walkthrough,57253,1940,53,PT10M45S,2025-11-04 13:01:34+00:00,645,10.75,0.03388468726529614,0.000925715683020977,0.034810402948317117,2025Q4,1,Tuesday,11,2025,Tutorial
"Job Market in 2025: Over Saturated, Low-Paying, Helpless",25623,807,141,PT10M4S,2025-10-28 12:00:31+00:00,604,10.066666666666666,0.03149514108418218,0.005502868516567147,0.036998009600749324,2025Q4,1,Tuesday,10,2025,Career
I just Turned 30 - What I've learned + Advice for You,14720,944,213,PT11M16S,2025-10-21 12:00:48+00:00,676,11.266666666666667,0.0641304347826087,0.014470108695652174,0.07860054347826087,2025Q4,1,Tuesday,10,2025,Tutorial
Analystbuilder.com to practice SQL and Python on your Phone!,7225,226,12,PT28S,2025-10-20 12:46:38+00:00,28,0.4666666666666667,0.031280276816609,0.0016608996539792388,0.03294117647058824,2025Q4,0,Monday,10,2025,Tools
Excel is Key!,8241,323,10,PT45S,2025-10-16 12:15:55+00:00,45,0.75,0.039194272539740324,0.0012134449702705982,0.04040771751001092,2025Q4,3,Thursday,10,2025,Tools
Learn Git and GitHub in 1 Hour!,25268,775,28,PT57M25S,2025-10-14 04:00:57+00:00,3445,57.416666666666664,0.03067120468576856,0.001108120943485832,0.031779325629254396,2025Q4,1,Tuesday,10,2025,Tutorial
Working with Git and GitHub Together,6773,140,5,PT11M11S,2025-10-07 12:01:32+00:00,671,11.183333333333334,0.02067030857817806,0.0007382253063635022,0.021408533884541562,2025Q4,1,Tuesday,10,2025,Career
Data Viz ainâ€™t all that!,10130,398,4,PT45S,2025-10-03 11:52:23+00:00,45,0.75,0.039289239881539983,0.0003948667324777887,0.03968410661401777,2025Q4,4,Friday,10,2025,Other
Connecting Git to GitHub,8111,116,6,PT3M6S,2025-09-30 12:00:40+00:00,186,3.1,0.01430156577487363,0.0007397361607693256,0.015041301935642954,2025Q3,1,Tuesday,9,2025,Other
Alex The Analyst Q/A Livestream | Come Ask Me Anything,3405,119,7,PT1H8M29S,2025-09-25 14:10:51+00:00,4109,68.48333333333333,0.03494860499265785,0.0020558002936857563,0.03700440528634361,2025Q3,3,Thursday,9,2025,Q&A/Livestream
Branching and Merging in Git,3269,75,2,PT6M1S,2025-09-23 12:01:14+00:00,361,6.016666666666667,0.02294279596206791,0.000611807892321811,0.023554603854389723,2025Q3,1,Tuesday,9,2025,Other
Communication is very important,6803,274,13,PT44S,2025-09-19 12:25:58+00:00,44,0.7333333333333333,0.040276348669704545,0.0019109216522122593,0.042187270321916805,2025Q3,4,Friday,9,2025,Other
Alex The Analyst Q/A Livestream | Come Ask Me Anything,2750,133,11,PT1H7M7S,2025-09-18 14:14:32+00:00,4027,67.11666666666666,0.048363636363636366,0.004,0.05236363636363636,2025Q3,3,Thursday,9,2025,Q&A/Livestream
Reverting Back to a Previous Commit in Git,5330,83,2,PT7M11S,2025-09-16 12:01:54+00:00,431,7.183333333333334,0.015572232645403377,0.000375234521575985,0.01594746716697936,2025Q3,1,Tuesday,9,2025,Other
Why youâ€™re not getting Interviews,8725,337,5,PT51S,2025-09-12 11:41:07+00:00,51,0.85,0.03862464183381089,0.0005730659025787965,0.039197707736389684,2025Q3,4,Friday,9,2025,Career
Alex The Analyst Q/A Livestream | Come Ask Me Anything,3090,115,10,PT1H5M41S,2025-09-12 06:55:47+00:00,3941,65.68333333333334,0.0372168284789644,0.003236245954692557,0.040453074433656956,2025Q3,4,Friday,9,2025,Q&A/Livestream
Basics of Git and using VS Code with Git,7529,200,3,PT16M4S,2025-09-09 12:00:50+00:00,964,16.066666666666666,0.026563952716164164,0.0003984592907424625,0.026962412006906626,2025Q3,1,Tuesday,9,2025,Tutorial
Alex The Analyst Q/A Livestream | Come Ask Me Anything,3261,132,7,PT1H3M16S,2025-09-04 14:07:30+00:00,3796,63.266666666666666,0.040478380864765406,0.0021465808034345293,0.042624961668199936,2025Q3,3,Thursday,9,2025,Q&A/Livestream
Installing and Setting up Git and GitHub,15983,320,12,PT7M14S,2025-09-02 12:01:51+00:00,434,7.233333333333333,0.020021272602139775,0.0007507977225802415,0.020772070324720015,2025Q3,1,Tuesday,9,2025,Other
SQL is King,17045,756,21,PT45S,2025-08-27 11:05:28+00:00,45,0.75,0.04435318275154004,0.0012320328542094457,0.045585215605749484,2025Q3,2,Wednesday,8,2025,Tools
What is Git and GitHub?,19227,622,17,PT8M32S,2025-08-26 12:00:54+00:00,512,8.533333333333333,0.032350340666770686,0.0008841732979664014,0.03323451396473709,2025Q3,1,Tuesday,8,2025,Other
Alex The Analyst Q/A Livestream | Come Ask Me Anything,3363,129,11,PT1H1M13S,2025-08-21 14:09:29+00:00,3673,61.21666666666667,0.0383586083853702,0.0032708890871245913,0.041629497472494795,2025Q3,3,Thursday,8,2025,Q&A/Livestream
Data Visualization and Presentation in R | R for Data Analytics Series,4654,119,13,PT21M4S,2025-08-19 12:01:22+00:00,1264,21.066666666666666,0.02556940266437473,0.002793296089385475,0.028362698753760206,2025Q3,1,Tuesday,8,2025,Other
Things I Learned as a Data Analyst p1,13816,493,19,PT38S,2025-08-15 11:46:04+00:00,38,0.6333333333333333,0.03568326577880718,0.0013752171395483496,0.03705848291835553,2025Q3,4,Friday,8,2025,Tutorial
Alex The Analyst Q/A Livestream | Come Ask Me Anything,3053,113,8,PT1H6M7S,2025-08-14 14:18:24+00:00,3967,66.11666666666666,0.03701277432034065,0.0026203734032099572,0.03963314772355061,2025Q3,3,Thursday,8,2025,Q&A/Livestream
How to Remove Duplicates in an R Dataframe | R for Data Analytics Series,2637,77,3,PT8M8S,2025-08-12 12:01:49+00:00,488,8.133333333333333,0.0291998483124763,0.0011376564277588168,0.030337504740235114,2025Q3,1,Tuesday,8,2025,Tutorial
Alex The Analyst Q/A Livestream | Come Ask Me Anything,3222,113,19,PT1H5M44S,2025-08-07 14:31:54+00:00,3944,65.73333333333333,0.035071384233395404,0.005896958410924891,0.040968342644320296,2025Q3,3,Thursday,8,2025,Q&A/Livestream
Standardizing and Parsing Dates in R  using Lubridate | R for Data Analytics Series,2080,54,6,PT8M26S,2025-08-05 12:01:44+00:00,506,8.433333333333334,0.025961538461538463,0.0028846153846153848,0.028846153846153848,2025Q3,1,Tuesday,8,2025,Other
Traditional applying to jobs is dead.,20272,828,30,PT58S,2025-08-01 12:53:29+00:00,58,0.9666666666666667,0.040844514601420676,0.0014798737174427782,0.042324388318863454,2025Q3,4,Friday,8,2025,Career
Alex The Analyst Q/A Livestream | Come Ask Me Anything,3493,152,13,PT1H10M11S,2025-07-31 14:45:09+00:00,4211,70.18333333333334,0.04351560263383911,0.0037217291726309764,0.047237331806470086,2025Q3,3,Thursday,7,2025,Q&A/Livestream
Handling Missing Data in R | R for Data Analytics Series,2771,74,7,PT13M10S,2025-07-29 12:01:31+00:00,790,13.166666666666666,0.0267051605918441,0.0025261638397690365,0.029231324431613137,2025Q3,1,Tuesday,7,2025,Other
Alex The Analyst Q/A Livestream | Come Ask Me Anything,3850,140,6,PT1H4M8S,2025-07-24 14:06:55+00:00,3848,64.13333333333334,0.03636363636363636,0.0015584415584415584,0.03792207792207792,2025Q3,3,Thursday,7,2025,Q&A/Livestream
Donâ€™t jump into Power BI first,360984,7779,113,PT48S,2025-07-23 12:47:30+00:00,48,0.8,0.021549431553753075,0.0003130332646322275,0.021862464818385302,2025Q3,2,Wednesday,7,2025,Tools
Grouping and Aggregating Data in R | R for Data Analytics Series,2677,54,5,PT8M17S,2025-07-22 12:00:02+00:00,497,8.283333333333333,0.020171834142697048,0.0018677624206200972,0.022039596563317145,2025Q3,1,Tuesday,7,2025,Other
Getting Buy-in is a very difficult skill to learn,7293,221,6,PT51S,2025-07-18 12:11:49+00:00,51,0.85,0.030303030303030304,0.0008227067050596463,0.03112573700808995,2025Q3,4,Friday,7,2025,Tutorial
Alex The Analyst Q/A Livestream | Come Ask Me Anything,4635,201,14,PT1H22M49S,2025-07-17 14:41:40+00:00,4969,82.81666666666666,0.04336569579288026,0.0030204962243797194,0.04638619201725998,2025Q3,3,Thursday,7,2025,Q&A/Livestream
Filtering and Ordering Data in R | R for Data Analytics Series,3619,80,6,PT13M47S,2025-07-15 12:00:18+00:00,827,13.783333333333333,0.022105554020447636,0.0016579165515335729,0.02376347057198121,2025Q3,1,Tuesday,7,2025,Other
If I got hired today hereâ€™s exactly what I would do!,15091,800,10,PT1M13S,2025-07-11 11:34:46+00:00,73,1.2166666666666666,0.05301172884500696,0.000662646610562587,0.053674375455569544,2025Q3,4,Friday,7,2025,Other
Alex The Analyst Q/A Livestream | Come Ask Me Anything,5450,236,19,PT1H16M18S,2025-07-10 14:21:00+00:00,4578,76.3,0.04330275229357798,0.0034862385321100917,0.046788990825688076,2025Q3,3,Thursday,7,2025,Q&A/Livestream
Reading and Writing Files in R | R for Data Analytics Series,3160,81,6,PT10M20S,2025-07-08 12:00:56+00:00,620,10.333333333333334,0.025632911392405065,0.0018987341772151898,0.027531645569620254,2025Q3,1,Tuesday,7,2025,Other
Operators in R | R for Data Analytics Series,5314,109,8,PT11M48S,2025-07-01 12:00:58+00:00,708,11.8,0.020511855476100866,0.0015054572826496049,0.02201731275875047,2025Q3,1,Tuesday,7,2025,Other
"Basics of R | Environment, Variables, Data Types | R for Data Analytics Series",14295,177,11,PT11M29S,2025-06-24 12:00:13+00:00,689,11.483333333333333,0.012381951731374607,0.0007694998251136762,0.013151451556488282,2025Q2,1,Tuesday,6,2025,Tutorial
Installing R and R Studio | R for Data Analytics Series,23046,336,14,PT5M59S,2025-06-17 12:00:48+00:00,359,5.983333333333333,0.014579536579015881,0.0006074806907923284,0.01518701726980821,2025Q2,1,Tuesday,6,2025,Other
Best Resources to Learn Data Analytics in 2025,28366,1103,47,PT6M47S,2025-06-10 12:00:19+00:00,407,6.783333333333333,0.03888458013114292,0.0016569132059507862,0.040541493337093705,2025Q2,1,Tuesday,6,2025,Tutorial
Best Resources to Learn Data Visualization in 2025,15557,418,30,PT4M28S,2025-06-03 12:00:19+00:00,268,4.466666666666667,0.026868933599022947,0.0019283923635662402,0.028797325962589188,2025Q2,1,Tuesday,6,2025,Tutorial
Best Resources to Learn Excel in 2025,20033,855,15,PT4M49S,2025-05-27 12:01:27+00:00,289,4.816666666666666,0.042679578695153,0.0007487645385114561,0.04342834323366446,2025Q2,1,Tuesday,5,2025,Tutorial
Best Resources to Learn Python in 2025,26243,901,49,PT5M9S,2025-05-20 12:01:32+00:00,309,5.15,0.034332964981137824,0.0018671645772205922,0.03620012955835842,2025Q2,1,Tuesday,5,2025,Tutorial
Best Resources to Learn SQL in 2025,32131,1099,36,PT6M11S,2025-05-13 12:00:49+00:00,371,6.183333333333334,0.03420372848650836,0.001120413308020292,0.03532414179452865,2025Q2,1,Tuesday,5,2025,Tutorial
How to Practice for General Technical Interviews | Analyst Builder,5555,192,18,PT10M21S,2025-05-06 12:01:11+00:00,621,10.35,0.03456345634563456,0.0032403240324032404,0.037803780378037805,2025Q2,1,Tuesday,5,2025,Tutorial
How to Lie with Data | Biased Data Collection,3684,105,12,PT4M22S,2025-04-29 12:00:46+00:00,262,4.366666666666666,0.028501628664495113,0.003257328990228013,0.03175895765472313,2025Q2,1,Tuesday,4,2025,Tutorial
How to Lie with Data | Correlations,3596,134,17,PT3M33S,2025-04-22 12:01:50+00:00,213,3.55,0.03726362625139043,0.004727474972191324,0.04199110122358176,2025Q2,1,Tuesday,4,2025,Tutorial
How to Lie with Data | Cherry Picking Data,4081,162,8,PT4M12S,2025-04-15 12:00:53+00:00,252,4.2,0.03969615290370007,0.0019603038470963,0.04165645675079637,2025Q2,1,Tuesday,4,2025,Tutorial
How to Lie with Data | Averages,4526,237,15,PT6M47S,2025-04-08 12:01:32+00:00,407,6.783333333333333,0.05236411842686699,0.003314184710561202,0.05567830313742819,2025Q2,1,Tuesday,4,2025,Tutorial
How to Lie with Data | Percentages and Baseline Numbers,4830,228,11,PT5M18S,2025-04-01 12:00:46+00:00,318,5.3,0.04720496894409938,0.002277432712215321,0.0494824016563147,2025Q2,1,Tuesday,4,2025,Tutorial
1 Million YouTube Play Button Unboxing!,3615,249,81,PT7M40S,2025-03-25 12:01:10+00:00,460,7.666666666666667,0.06887966804979254,0.022406639004149378,0.0912863070539419,2025Q1,1,Tuesday,3,2025,Other
Maven Analytics + Analyst Builder Lifetime Access (Ends March 31st),9471,263,41,PT5M15S,2025-03-24 12:00:07+00:00,315,5.25,0.027768978988491184,0.004329004329004329,0.03209798331749551,2025Q1,0,Monday,3,2025,Other
How to Lie with Data | Misleading Graphs,6971,314,22,PT5M26S,2025-03-18 12:01:07+00:00,326,5.433333333333334,0.045043752689714535,0.003155931717113757,0.048199684406828286,2025Q1,1,Tuesday,3,2025,Tutorial
Where to find the Best Healthcare Data,10350,513,24,PT7M51S,2025-03-11 12:00:02+00:00,471,7.85,0.049565217391304345,0.002318840579710145,0.051884057971014495,2025Q1,1,Tuesday,3,2025,Advice
1 Million Subscriber Livestream!! Giveaways + Chat,10371,668,68,PT1H40M14S,2025-03-05 17:07:10+00:00,6014,100.23333333333333,0.06441037508436988,0.006556744769067592,0.07096711985343747,2025Q1,2,Wednesday,3,2025,Q&A/Livestream
"Taking a look at Real Healthcare Data | ICD11, CPT, HCPCS, Claims",12905,568,33,PT15M16S,2025-03-04 13:00:44+00:00,916,15.266666666666667,0.0440139480821387,0.002557148392096087,0.04657109647423479,2025Q1,1,Tuesday,3,2025,Other
How to Become a Healthcare Analyst in 2025,43180,1990,194,PT17M52S,2025-02-25 13:00:21+00:00,1072,17.866666666666667,0.0460861509958314,0.004492820750347383,0.050578971746178786,2025Q1,1,Tuesday,2,2025,Tutorial
What is Healthcare Analytics?,39622,1690,90,PT10M56S,2025-02-18 13:01:11+00:00,656,10.933333333333334,0.04265307152591994,0.0022714653475341983,0.04492453687345414,2025Q1,1,Tuesday,2,2025,Other
What is Data Cleaning? | Data Fundamentals for Beginners,57506,1551,31,PT7M4S,2025-02-11 13:00:47+00:00,424,7.066666666666666,0.02697109866796508,0.0005390741835634542,0.027510172851528535,2025Q1,1,Tuesday,2,2025,Tutorial
What is Data Collection? | Data Fundamentals for Beginners,26643,832,18,PT4M43S,2025-02-04 13:00:52+00:00,283,4.716666666666667,0.031227714596704575,0.0006755995946402432,0.03190331419134482,2025Q1,1,Tuesday,2,2025,Tutorial
What are File Types? | Data Fundamentals for Beginners,16425,495,10,PT6M27S,2025-01-28 13:00:34+00:00,387,6.45,0.030136986301369864,0.0006088280060882801,0.030745814307458142,2025Q1,1,Tuesday,1,2025,Tutorial
What are Data Types? | Data Fundamentals for Beginners,18340,567,19,PT4M54S,2025-01-21 13:00:55+00:00,294,4.9,0.030916030534351144,0.0010359869138495093,0.031952017448200656,2025Q1,1,Tuesday,1,2025,Tutorial
What are KPIs and Metrics? | Data Fundamental for Beginners,37840,1411,38,PT5M46S,2025-01-14 13:00:34+00:00,346,5.766666666666667,0.037288583509513744,0.0010042283298097251,0.03829281183932347,2025Q1,1,Tuesday,1,2025,Tutorial
What is Data? | Data Fundamentals for Beginners,34065,1125,40,PT6M56S,2025-01-07 13:00:35+00:00,416,6.933333333333334,0.03302509907529723,0.0011742257448994569,0.034199324820196685,2025Q1,1,Tuesday,1,2025,Tutorial
Is Big Tech Overrated in 2025? | Alex The Analyst Show Episode 28,9071,311,67,PT34M52S,2024-12-31 13:01:01+00:00,2092,34.86666666666667,0.034285084334692975,0.007386175724837394,0.04167126005953037,2024Q4,1,Tuesday,12,2024,Other
Most Commonly Asked Questions by Aspiring Data Analysts,16286,764,35,PT11M58S,2024-12-24 13:00:39+00:00,718,11.966666666666667,0.04691145769372467,0.0021490851037701095,0.049060542797494784,2024Q4,1,Tuesday,12,2024,Q&A/Livestream
My Career Progression 7+ Years | Recreational Therapist to Data Analyst | Alex The Analyst Show 27,9096,392,125,PT37M17S,2024-12-17 13:30:12+00:00,2237,37.28333333333333,0.04309586631486367,0.013742304309586631,0.05683817062445031,2024Q4,1,Tuesday,12,2024,Career
"Ultimate Data Analyst Bootcamp [24 Hours!] for FREE | SQL, Excel, Tableau, Power BI, Python, Azure",998830,37232,1215,PT23H32M48S,2024-12-10 05:00:49+00:00,84768,1412.8,0.03727561246658591,0.0012164232151617392,0.038492035681747645,2024Q4,1,Tuesday,12,2024,Project
"Learn AWS for Analytics in Under 2 Hours | S3, Athena, Glue, Glue DataBrew, Quicksight",39292,1014,45,PT1H41M37S,2024-12-03 13:00:56+00:00,6097,101.61666666666666,0.025806780006108112,0.0011452713020462181,0.026952051308154333,2024Q4,1,Tuesday,12,2024,Tutorial
"Learn Azure for Analytics in Under 90 Minutes | Azure Synapse Analytics, SQL Databases, ADF + More",22466,520,26,PT1H17M17S,2024-11-26 13:00:27+00:00,4637,77.28333333333333,0.02314608742099172,0.001157304371049586,0.024303391792041308,2024Q4,1,Tuesday,11,2024,Tutorial
"Learn Power BI in Under 3 Hours | Formatting, Visualizations, Dashboards + Full Project",634025,10159,313,PT2H5M18S,2024-11-19 13:00:31+00:00,7518,125.3,0.01602302748314341,0.0004936713851977446,0.016516698868341152,2024Q4,1,Tuesday,11,2024,Tutorial
Coding with R and AI Now on Analyst Builder!,6514,188,16,PT8M21S,2024-11-12 13:01:10+00:00,501,8.35,0.028860914952410194,0.002456248081056187,0.03131716303346638,2024Q4,1,Tuesday,11,2024,Other
"Learn Tableau in Under 2 hours | Dashboards, Relationships, Visualizations + Mini Project",290133,4864,123,PT1H30M10S,2024-11-05 13:01:16+00:00,5410,90.16666666666667,0.01676472514329635,0.00042394350177332464,0.017188668645069675,2024Q4,1,Tuesday,11,2024,Tutorial
"Learn Excel in Under 3 Hours | Pivot Tables, Lookups, Data Cleaning",130989,2935,107,PT2H38M36S,2024-10-29 12:01:19+00:00,9516,158.6,0.022406461611280338,0.0008168624846361145,0.023223324095916452,2024Q4,1,Tuesday,10,2024,Tutorial
Nobody cares... so just do it!,22690,2069,61,PT36S,2024-10-24 12:17:57+00:00,36,0.6,0.09118554429263993,0.0026884089907448215,0.09387395328338476,2024Q4,3,Thursday,10,2024,Other
"Learn Pandas in Under 3 Hours | Filtering, Joins, Indexing, Data Cleaning, Visualizations",117383,2580,79,PT2H40M7S,2024-10-22 12:00:28+00:00,9607,160.11666666666667,0.02197933261204774,0.0006730105722293689,0.02265234318427711,2024Q4,1,Tuesday,10,2024,Tutorial
Free Data Analyst Bootcamp 2024,17716,1226,43,PT31S,2024-10-17 11:52:50+00:00,31,0.5166666666666667,0.06920298035673968,0.0024271844660194173,0.0716301648227591,2024Q4,3,Thursday,10,2024,Project
"Learn Python in Under 3 Hours | Variables, For Loops, Web Scraping + Full Project",64981,1581,55,PT2H32M1S,2024-10-15 12:01:10+00:00,9121,152.01666666666668,0.0243301888244256,0.0008464012557516812,0.025176590080177284,2024Q4,1,Tuesday,10,2024,Tutorial
Learn SQL Beginner to Advanced in Under 4 Hours,1267214,24494,905,PT4H4M58S,2024-10-08 12:00:27+00:00,14698,244.96666666666667,0.019329016251398736,0.0007141650897164962,0.020043181341115233,2024Q4,1,Tuesday,10,2024,Tutorial
AWS Quicksight | AWS Essentials,34612,459,17,PT12M10S,2024-10-01 12:00:58+00:00,730,12.166666666666666,0.013261296660117878,0.0004911591355599214,0.0137524557956778,2024Q4,1,Tuesday,10,2024,Tools
AWS Glue DataBrew and Glue | AWS Essentials,13450,203,13,PT45M32S,2024-09-24 12:00:16+00:00,2732,45.53333333333333,0.015092936802973978,0.000966542750929368,0.016059479553903345,2024Q3,1,Tuesday,9,2024,Tools
Amazon Athena in AWS | AWS Fundamentals,21142,342,11,PT24M33S,2024-09-17 12:00:24+00:00,1473,24.55,0.01617633147289755,0.0005202913631633715,0.016696622836060923,2024Q3,1,Tuesday,9,2024,Tools
Alex Freberg and Ben Rogojan Livestream | Everything Data Analytics and Data Engineering,6084,198,8,PT1H15M16S,2024-09-11 03:20:13+00:00,4516,75.26666666666667,0.03254437869822485,0.0013149243918474688,0.03385930309007232,2024Q3,2,Wednesday,9,2024,Q&A/Livestream
Landing a Data Job Course on Analyst Builder,24185,828,96,PT8M20S,2024-09-03 12:00:05+00:00,500,8.333333333333334,0.03423609675418648,0.003969402522224519,0.038205499276410995,2024Q3,1,Tuesday,9,2024,Career
S3 Storage in AWS | AWS Essentials,16007,268,14,PT14M38S,2024-08-27 12:00:47+00:00,878,14.633333333333333,0.01674267507965265,0.0008746173549072281,0.01761729243455988,2024Q3,1,Tuesday,8,2024,Tools
AWS Setup and UI Walkthough | AWS,18963,361,15,PT7M21S,2024-08-20 12:00:41+00:00,441,7.35,0.019037072193218374,0.0007910140800506249,0.019828086273268996,2024Q3,1,Tuesday,8,2024,Tools
Getting Started in Azure Synapse Analytics | Azure Fundamentals,40875,535,16,PT19M37S,2024-08-13 12:01:05+00:00,1177,19.616666666666667,0.01308868501529052,0.00039143730886850153,0.013480122324159021,2024Q3,1,Tuesday,8,2024,Tools
August Q/A Livestream! Come Ask Me Anything!,5360,223,18,PT1H38M24S,2024-08-09 15:17:26+00:00,5904,98.4,0.0416044776119403,0.0033582089552238806,0.04496268656716418,2024Q3,4,Friday,8,2024,Q&A/Livestream
Getting Started in Azure Data Factory | Azure Fundamentals,54413,817,39,PT24M31S,2024-08-06 12:00:57+00:00,1471,24.516666666666666,0.015014794258724937,0.0007167404848106152,0.01573153474353555,2024Q3,1,Tuesday,8,2024,Tools
How to use Azure SQL Databases | Azure Fundamentals,59473,985,32,PT13M46S,2024-07-30 12:00:10+00:00,826,13.766666666666667,0.016562137440519226,0.0005380592874077312,0.01710019672792696,2024Q3,1,Tuesday,7,2024,Tutorial
Complete Data Analyst Roadmap on Analyst Builder | Become a Data Analyst Faster!,61935,1724,166,PT6M7S,2024-07-25 12:00:34+00:00,367,6.116666666666666,0.027835634132558327,0.0026802292726245255,0.030515863405182853,2024Q3,3,Thursday,7,2024,Tutorial
Blob Storage and Storage Accounts in Azure | Azure Fundamentals,21239,380,14,PT15M41S,2024-07-23 12:01:00+00:00,941,15.683333333333334,0.017891614482791092,0.0006591647441028297,0.01855077922689392,2024Q3,1,Tuesday,7,2024,Tools
Azure Account Setup + $200 Free Credits | Azure Fundamentals,33336,613,33,PT6M37S,2024-07-16 12:00:38+00:00,397,6.616666666666666,0.018388528917686584,0.0009899208063354932,0.019378449724022077,2024Q3,1,Tuesday,7,2024,Tools
Building a Fully Interactive Web App using Shiny for Python,17904,407,25,PT59M52S,2024-07-09 12:01:07+00:00,3592,59.86666666666667,0.022732350312779266,0.0013963360142984808,0.024128686327077747,2024Q3,1,Tuesday,7,2024,Tools
Shiny for Python Components and Layouts | Customizing You Web App,6644,182,13,PT24M8S,2024-07-02 12:01:00+00:00,1448,24.133333333333333,0.027393136664659843,0.0019566526189042747,0.029349789283564118,2024Q3,1,Tuesday,7,2024,Tools
Shiny for Python Setup and Install | Deploying First Shiny App,16360,378,41,PT14M24S,2024-06-25 12:00:53+00:00,864,14.4,0.02310513447432763,0.002506112469437653,0.025611246943765282,2024Q2,1,Tuesday,6,2024,Tools
Is the Economy on the Brink of a Recession? | Let's Look at the Data!,13853,811,134,PT21M19S,2024-06-18 12:00:06+00:00,1279,21.316666666666666,0.05854327582473111,0.009672995019129431,0.06821627084386053,2024Q2,1,Tuesday,6,2024,Other
Top 5 Most Common Excel Functions in Excel,9955,401,9,PT16M47S,2024-06-11 12:00:10+00:00,1007,16.783333333333335,0.040281265695630335,0.0009040683073832245,0.04118533400301356,2024Q2,1,Tuesday,6,2024,Tools
5 Awesome Excel Functions You've Probably Never Heard Of,6972,242,17,PT14M4S,2024-06-04 12:00:09+00:00,844,14.066666666666666,0.034710269650028686,0.002438324727481354,0.03714859437751004,2024Q2,1,Tuesday,6,2024,Tools
How to Create Custom Functions in Excel | Lambda Functions,8897,252,12,PT16M34S,2024-05-28 12:00:23+00:00,994,16.566666666666666,0.02832415420928403,0.0013487692480611442,0.029672923457345173,2024Q2,1,Tuesday,5,2024,Tutorial
Top 5 Most Popular Functions In Microsoft Excel,17589,466,27,PT16M32S,2024-05-21 12:00:53+00:00,992,16.533333333333335,0.026493831371880154,0.0015350503155381204,0.028028881687418274,2024Q2,1,Tuesday,5,2024,Tools
Infrastructure of Analyst Builder | Entire Tech Stack | Part 3,6957,92,10,PT45M40S,2024-05-14 12:00:28+00:00,2740,45.666666666666664,0.013224090843754492,0.0014374011786689666,0.014661492022423459,2024Q2,1,Tuesday,5,2024,Other
2 Hour Data Analyst Interview Masterclass | Interview Better Than The Competition,132605,4012,95,PT2H4M40S,2024-05-07 15:16:53+00:00,7480,124.66666666666667,0.030255269409147467,0.0007164134082425248,0.030971682817389993,2024Q2,1,Tuesday,5,2024,Career
Challenges of Creating Analyst Builder | Challenges of a Startup | Part 2,2642,65,11,PT45M7S,2024-05-07 12:00:30+00:00,2707,45.11666666666667,0.024602573807721424,0.004163512490537472,0.028766086298258896,2024Q2,1,Tuesday,5,2024,Other
How We Started Analyst Builder | How We Created It | Part 1,6949,216,35,PT22M47S,2024-04-30 12:00:07+00:00,1367,22.783333333333335,0.031083609152396028,0.005036695927471579,0.036120305079867604,2024Q2,1,Tuesday,4,2024,Other
MySQL Exploratory Data Analysis | Full Project,165988,3853,171,PT32M44S,2024-04-23 12:00:21+00:00,1964,32.733333333333334,0.023212521387088222,0.0010301949538520858,0.024242716340940308,2024Q2,1,Tuesday,4,2024,Project
750k Subscriber Livestream! | Giveaways | Songs | Q/A,5205,228,13,PT1H23M16S,2024-04-18 18:35:41+00:00,4996,83.26666666666667,0.04380403458213256,0.0024975984630163303,0.04630163304514889,2024Q2,3,Thursday,4,2024,Q&A/Livestream
Data Cleaning in MySQL | Full Project,412233,8663,1177,PT51M11S,2024-04-16 12:00:05+00:00,3071,51.18333333333333,0.02101481443746619,0.0028551814143942867,0.023869995851860476,2024Q2,1,Tuesday,4,2024,Project
How to get Promoted as a Data Analyst | Alex The Analyst Show Episode 26,9324,291,87,PT56M14S,2024-04-09 12:00:08+00:00,3374,56.233333333333334,0.03120978120978121,0.00933075933075933,0.04054054054054054,2024Q2,1,Tuesday,4,2024,Tutorial
Triggers and Events in MySQL | Advanced MySQL Series,153294,4813,181,PT14M42S,2024-04-02 12:00:19+00:00,882,14.7,0.03139718449515311,0.0011807376674886167,0.03257792216264172,2024Q2,1,Tuesday,4,2024,Tutorial
How to give up on the job search fast,31801,2282,37,PT52S,2024-03-27 12:19:35+00:00,52,0.8666666666666667,0.07175874972485143,0.0011634854249866356,0.07292223514983806,2024Q1,2,Wednesday,3,2024,Tutorial
Stored Procedures in MySQL | Advanced MySQL Series,162578,3041,100,PT12M37S,2024-03-26 12:00:12+00:00,757,12.616666666666667,0.018704867817293854,0.0006150893724858222,0.019319957189779673,2024Q1,1,Tuesday,3,2024,Tutorial
Temp Tables in MySQL | Advanced MySQL Series,105977,2202,82,PT7M46S,2024-03-19 12:00:56+00:00,466,7.766666666666667,0.020778093359879974,0.0007737527954178737,0.021551846155297847,2024Q1,1,Tuesday,3,2024,Tutorial
CTEs in MySQL | Advanced MySQL Series,183609,2928,91,PT10M31S,2024-03-12 12:00:23+00:00,631,10.516666666666667,0.015946930706011143,0.0004956184065051277,0.01644254911251627,2024Q1,1,Tuesday,3,2024,Tutorial
7 Mistakes to Avoid During Your Data Analyst Job Search,20361,757,50,PT11M54S,2024-03-05 13:00:01+00:00,714,11.9,0.03717892048524139,0.002455675065075389,0.03963459555031678,2024Q1,1,Tuesday,3,2024,Career
#DataAnalyst #AnalystBuilder #SQL,23756,1575,19,PT38S,2024-03-01 13:43:29+00:00,38,0.6333333333333333,0.06629904024246507,0.0007997979457821182,0.06709883818824718,2024Q1,4,Friday,3,2024,Tools
Q/A Livestream | February Livestream | Ask Me Anything!,5681,189,7,PT1H34M57S,2024-02-29 17:10:18+00:00,5697,94.95,0.033268790705861646,0.0012321774335504313,0.03450096813941207,2024Q1,3,Thursday,2,2024,Q&A/Livestream
Window Functions in MySQL | Intermediate MySQL,216411,5728,152,PT13M29S,2024-02-27 13:00:08+00:00,809,13.483333333333333,0.026468155500413565,0.0007023672548992426,0.027170522755312808,2024Q1,1,Tuesday,2,2024,Tutorial
Twitter making me tear up over here ðŸ¥¹,8435,319,12,PT16S,2024-02-23 13:34:27+00:00,16,0.26666666666666666,0.03781861292234736,0.0014226437462951985,0.03924125666864256,2024Q1,4,Friday,2,2024,Other
Subqueries in MySQL | Intermediate MySQL,178694,2810,109,PT11M1S,2024-02-20 13:00:32+00:00,661,11.016666666666667,0.015725206218451655,0.0006099813088296193,0.016335187527281275,2024Q1,1,Tuesday,2,2024,Tutorial
Case Statements in MySQL | Intermediate MySQL,160676,2786,139,PT8M53S,2024-02-13 13:00:19+00:00,533,8.883333333333333,0.01733924170380144,0.0008650949737359655,0.018204336677537406,2024Q1,1,Tuesday,2,2024,Tutorial
We did our best,8052,251,5,PT9S,2024-02-08 13:59:09+00:00,9,0.15,0.031172379533035272,0.0006209637357178341,0.031793343268753105,2024Q1,3,Thursday,2,2024,Advice
"Microsoft Copilot Full Review | AI in Word, PowerPoint, Excel and More!",88286,1043,52,PT24M45S,2024-02-06 13:00:35+00:00,1485,24.75,0.011813877624991505,0.00058899485762182,0.012402872482613325,2024Q1,1,Tuesday,2,2024,Tools
Top 5 Emerging Trends in 2024 | CareerFoundry Webinar,13506,474,10,PT1H14M56S,2024-01-30 17:30:05+00:00,4496,74.93333333333334,0.03509551310528654,0.0007404116688879016,0.03583592477417444,2024Q1,1,Tuesday,1,2024,Career
String Functions in MySQL | Intermediate MySQL Series,180088,3052,88,PT11M54S,2024-01-30 13:00:17+00:00,714,11.9,0.016947270223446314,0.000488649993336591,0.017435920216782905,2024Q1,1,Tuesday,1,2024,Tutorial
Unions in MySQL | Intermediate MySQL,172948,3032,97,PT7M22S,2024-01-23 13:00:41+00:00,442,7.366666666666666,0.01753128107870574,0.0005608622244836598,0.0180921433031894,2024Q1,1,Tuesday,1,2024,Tutorial
Joins in MySQL | Intermediate MySQL,374937,5210,202,PT17M11S,2024-01-16 13:00:42+00:00,1031,17.183333333333334,0.013895667805524661,0.0005387571778725492,0.01443442498339721,2024Q1,1,Tuesday,1,2024,Tutorial
Is my background in Data Analytics?,34033,2227,33,PT57S,2024-01-15 14:22:09+00:00,57,0.95,0.06543648811447712,0.0009696471072194635,0.06640613522169658,2024Q1,0,Monday,1,2024,Other
Solving VERY HARD SQL Interview Questions on Analyst Builder,25725,631,23,PT17M3S,2024-01-11 13:00:16+00:00,1023,17.05,0.024528668610301264,0.0008940719144800778,0.025422740524781343,2024Q1,3,Thursday,1,2024,Career
Solving HARD SQL Interview Questions on Analyst Builder,33853,695,39,PT21M26S,2024-01-09 13:00:24+00:00,1286,21.433333333333334,0.020529938262487814,0.0011520397010604674,0.02168197796354828,2024Q1,1,Tuesday,1,2024,Career
Hard Skills vs Soft Skills,17181,1059,7,PT30S,2024-01-08 13:06:02+00:00,30,0.5,0.06163785577090972,0.0004074268086840114,0.062045282579593734,2024Q1,0,Monday,1,2024,Other
Solving Medium SQL Interview Questions on Analyst Builder,37315,838,50,PT12M24S,2024-01-04 13:00:28+00:00,744,12.4,0.022457456786814954,0.0013399437223636608,0.023797400509178616,2024Q1,3,Thursday,1,2024,Career
Solving Easy SQL Interview Questions on Analyst Builder,71109,1541,60,PT12M18S,2024-01-02 13:00:25+00:00,738,12.3,0.02167095585650199,0.0008437750495717841,0.022514730906073775,2024Q1,1,Tuesday,1,2024,Career
How I Would Become a Data Analyst if I had to Start Over in 2024 | 6 Month Plan,444809,17245,533,PT11M1S,2023-12-26 13:00:10+00:00,661,11.016666666666667,0.03876944935916315,0.0011982671213936768,0.039967716480556824,2023Q4,1,Tuesday,12,2023,Other
Limit + Aliasing in MySQL | MySQL Beginner Series,185350,3491,112,PT3M57S,2023-12-19 13:00:24+00:00,237,3.95,0.018834637172916106,0.0006042622066360939,0.019438899379552198,2023Q4,1,Tuesday,12,2023,Tutorial
Practice SQL and Python right on your Phone!,10827,640,20,PT28S,2023-12-13 16:12:42+00:00,28,0.4666666666666667,0.059111480557864596,0.0018472337674332686,0.06095871432529787,2023Q4,2,Wednesday,12,2023,Tools
Analyst Builder Full Launch! | The Learning Platform Built for Data Analysts,25929,1033,113,PT16M27S,2023-12-12 13:00:21+00:00,987,16.45,0.03983956188051988,0.004358054687801304,0.044197616568321184,2023Q4,1,Tuesday,12,2023,Tutorial
Analyst Builder Full Launch LiveStream | 20% Off Code & Giveaways,12087,475,14,PT4H34M24S,2023-12-11 19:04:05+00:00,16464,274.4,0.03929841978985687,0.0011582692148589394,0.04045668900471581,2023Q4,0,Monday,12,2023,Q&A/Livestream
Having vs Where in MySQL | Beginner MySQL Series,221721,3835,63,PT3M46S,2023-12-05 13:00:35+00:00,226,3.7666666666666666,0.017296512283455332,0.0002841408797542858,0.017580653163209618,2023Q4,1,Tuesday,12,2023,Tutorial
#Excel is Frustrating,13060,796,11,PT47S,2023-11-29 18:00:02+00:00,47,0.7833333333333333,0.060949464012251146,0.0008422664624808576,0.06179173047473201,2023Q4,2,Wednesday,11,2023,Tools
7 Mistakes to Avoid in Your Data Analytics Job Search | CareerFoundry Webinar,14319,431,11,PT1H11M37S,2023-11-28 17:36:39+00:00,4297,71.61666666666666,0.030099867309169633,0.0007682100705356519,0.030868077379705285,2023Q4,1,Tuesday,11,2023,Career
Group By + Order By in MySQL | Beginner MySQL Series,295993,4966,115,PT10M46S,2023-11-28 13:00:57+00:00,646,10.766666666666667,0.016777423790427477,0.0003885227015503745,0.017165946491977852,2023Q4,1,Tuesday,11,2023,Tutorial
Where Clause in MySQL | Beginner MySQL Series,321712,5048,164,PT12M27S,2023-11-21 13:00:24+00:00,747,12.45,0.01569105286716069,0.0005097727159695628,0.016200825583130254,2023Q4,1,Tuesday,11,2023,Tutorial
Why Data Analysts Hate Using Excel,26546,973,139,PT7M24S,2023-11-14 13:00:21+00:00,444,7.4,0.03665335643788142,0.005236193776840202,0.04188955021472161,2023Q4,1,Tuesday,11,2023,Tools
Select Statement in MySQL | Beginner MySQL Series,502517,6176,221,PT11M,2023-11-07 13:00:11+00:00,660,11.0,0.012290131478139048,0.0004397861166885896,0.012729917594827637,2023Q4,1,Tuesday,11,2023,Tutorial
Installing MySQL and Creating Databases | MySQL for Beginners,1434568,18025,2036,PT12M4S,2023-10-31 12:00:54+00:00,724,12.066666666666666,0.012564758171100986,0.0014192425873154845,0.013984000758416472,2023Q4,1,Tuesday,10,2023,Tutorial
Python Beginner to Advanced in One Hour | CareerFoundry Webinar,27184,988,12,PT1H18M29S,2023-10-26 16:30:05+00:00,4709,78.48333333333333,0.036344908769864626,0.00044143613890523835,0.036786344908769864,2023Q4,3,Thursday,10,2023,Tutorial
How to Start a Data YouTube Channel,10151,442,45,PT10M57S,2023-10-24 12:00:30+00:00,657,10.95,0.0435425081272781,0.004433060782188947,0.047975568909467046,2023Q4,1,Tuesday,10,2023,Tutorial
600k Livestream! | Analyst Builder Giveaways | Songs | My Mom is Joining!,5168,237,11,PT1H25M7S,2023-10-20 16:18:10+00:00,5107,85.11666666666666,0.04585913312693499,0.0021284829721362228,0.047987616099071206,2023Q4,4,Friday,10,2023,Q&A/Livestream
Consulting and Freelancing in Data Analytics | ATA Show: Episode 25,22589,846,285,PT1H14M3S,2023-10-17 12:00:04+00:00,4443,74.05,0.03745185709858781,0.012616760370091637,0.050068617468679445,2023Q4,1,Tuesday,10,2023,Other
Data Analyst vs Business Analyst,169851,8302,62,PT59S,2023-10-13 13:37:21+00:00,59,0.9833333333333333,0.04887813436482564,0.00036502581674526495,0.049243160181570905,2023Q4,4,Friday,10,2023,Other
First Look at Analyst Builder! | The All-in-One Platform for Data Analysts | Beta Launch Coming Soon,32399,854,212,PT21M51S,2023-10-10 12:00:36+00:00,1311,21.85,0.026358838235748017,0.006543411833698571,0.03290225006944659,2023Q4,1,Tuesday,10,2023,Other
#DataAnalysis #DataAnalyst #DataRealities,36204,2034,26,PT40S,2023-10-09 12:11:16+00:00,40,0.6666666666666666,0.056181637388133907,0.000718152690310463,0.05689979007844437,2023Q4,0,Monday,10,2023,Other
#DataAnalyst #DataCareers #DataAnalysis,18274,1328,31,PT58S,2023-10-05 12:13:45+00:00,58,0.9666666666666667,0.07267155521505965,0.0016963992557732298,0.07436795447083287,2023Q4,3,Thursday,10,2023,Career
"Data Analyst vs Data Engineer | Responsibilities, Salaries, Skills, Education",38173,826,45,PT6M26S,2023-10-03 12:00:26+00:00,386,6.433333333333334,0.021638330757341576,0.0011788436853273257,0.0228171744426689,2023Q4,1,Tuesday,10,2023,Other
Data Analyst Q/A Livestream | September Livestream | Ask Me Anything!,9023,284,21,PT1H33M41S,2023-09-28 16:09:03+00:00,5621,93.68333333333334,0.03147511913997562,0.0023273855702094647,0.03380250471018508,2023Q3,3,Thursday,9,2023,Q&A/Livestream
#Salary #DataAnalyst #SalaryNegotiation,15072,991,7,PT55S,2023-09-28 12:37:36+00:00,55,0.9166666666666666,0.06575106157112527,0.00046443736730360935,0.06621549893842887,2023Q3,3,Thursday,9,2023,Career
AI and Analytics with SAS | SAS Explore Recap,26241,544,33,PT2M59S,2023-09-26 12:00:49+00:00,179,2.9833333333333334,0.020730917266872453,0.0012575740253801303,0.021988491292252582,2023Q3,1,Tuesday,9,2023,Other
My Very First Video,9930,505,28,PT23S,2023-09-25 13:13:18+00:00,23,0.38333333333333336,0.05085599194360524,0.0028197381671701913,0.05367573011077543,2023Q3,0,Monday,9,2023,Other
#DataAnalyst #CareerPath,101262,5644,40,PT52S,2023-09-22 11:45:01+00:00,52,0.8666666666666667,0.05573660405680315,0.0003950149118129209,0.056131618968616064,2023Q3,4,Friday,9,2023,Career
"Data Analyst vs Data Scientist | Responsibilities, Salaries, Skills, Education",48823,1195,54,PT11M13S,2023-09-19 12:00:34+00:00,673,11.216666666666667,0.024476169018700204,0.001106036089547959,0.02558220510824816,2023Q3,1,Tuesday,9,2023,Other
#Excel #DataAnalyst #DataAnalysis,19963,1377,21,PT56S,2023-09-18 11:38:11+00:00,56,0.9333333333333333,0.06897760857586535,0.0010519461002855281,0.07002955467615088,2023Q3,0,Monday,9,2023,Tools
"Data Analyst vs Business Analyst | Responsibilities, Salaries, Skills, Education",48348,1653,100,PT4M54S,2023-09-12 12:00:07+00:00,294,4.9,0.03418962521717548,0.0020683378836766774,0.03625796310085216,2023Q3,1,Tuesday,9,2023,Other
#DataAnalysis #DataAnalyst,21350,1491,23,PT53S,2023-09-07 11:57:32+00:00,53,0.8833333333333333,0.06983606557377049,0.0010772833723653396,0.07091334894613584,2023Q3,3,Thursday,9,2023,Other
Hard Skills vs Soft Skills in the Data World | Which is More Important?,16515,717,30,PT9M42S,2023-09-05 12:00:34+00:00,582,9.7,0.043415077202543145,0.0018165304268846503,0.045231607629427795,2023Q3,1,Tuesday,9,2023,Other
"Entry Level vs Mid Level vs Senior Level Data Analyst | Responsibilities, Salary, Education, Skills",46510,1976,112,PT5M23S,2023-08-29 04:00:33+00:00,323,5.383333333333334,0.04248548699204472,0.002408084282949903,0.044893571274994624,2023Q3,1,Tuesday,8,2023,Career
#DataAnalyst #DataAnalysis #Promotion,11253,638,10,PT51S,2023-08-28 11:53:52+00:00,51,0.85,0.056695992179863146,0.000888651915044877,0.05758464409490802,2023Q3,0,Monday,8,2023,Career
#DataAnalyst #DataAnalysis,21739,1427,54,PT1M,2023-08-24 11:53:05+00:00,60,1.0,0.06564239385436313,0.0024840149040894245,0.06812640875845255,2023Q3,3,Thursday,8,2023,Other
Regular Expression Use Cases in Python,12550,297,23,PT12M47S,2023-08-22 12:00:35+00:00,767,12.783333333333333,0.023665338645418327,0.0018326693227091633,0.02549800796812749,2023Q3,1,Tuesday,8,2023,Tools
Data Analyst Q/A Livestream | August Livestream | Ask Me Anything!,8528,318,25,PT1H12M45S,2023-08-18 14:23:24+00:00,4365,72.75,0.037288930581613505,0.0029315196998123826,0.040220450281425894,2023Q3,4,Friday,8,2023,Q&A/Livestream
#DataAnalystSalary #DataAnalysis,55919,3799,49,PT54S,2023-08-17 12:35:34+00:00,54,0.9,0.06793755253133997,0.0008762674582878806,0.06881381998962785,2023Q3,3,Thursday,8,2023,Career
How to Work with Recruiters on LinkedIn,52281,2442,90,PT7M47S,2023-08-15 12:00:34+00:00,467,7.783333333333333,0.04670912951167728,0.001721466689619556,0.04843059620129684,2023Q3,1,Tuesday,8,2023,Tutorial
#dataanalysis #dataportfolio,44886,3410,29,PT1M,2023-08-14 12:12:00+00:00,60,1.0,0.07597023570823865,0.0006460811834424988,0.07661631689168115,2023Q3,0,Monday,8,2023,Project
#wife #careerchange #dataanalysis,22271,2001,51,PT59S,2023-08-11 13:13:22+00:00,59,0.9833333333333333,0.08984778411387005,0.0022899735081496116,0.09213775762201967,2023Q3,4,Friday,8,2023,Career
LINK: https://www.youtube.com/playlist?list=PLUaB-1hjhk8FE_XZ87vPPSfHqb6OcM0cF,8936,757,43,PT37S,2023-08-09 13:11:45+00:00,37,0.6166666666666667,0.08471351835273053,0.004811996418979409,0.08952551477170993,2023Q3,2,Wednesday,8,2023,Other
Regular Expression Character Classes in Python,16431,263,13,PT10M38S,2023-08-08 12:00:05+00:00,638,10.633333333333333,0.01600632949911752,0.0007911873896902197,0.01679751688880774,2023Q3,1,Tuesday,8,2023,Tools
#Recruiters #dataanalysis #data,18667,1218,24,PT58S,2023-08-03 11:56:30+00:00,58,0.9666666666666667,0.06524883484223495,0.0012856913269405903,0.06653452616917555,2023Q3,3,Thursday,8,2023,Career
Regular Expression Metacharacters in Python,14702,352,9,PT20M3S,2023-08-01 12:00:26+00:00,1203,20.05,0.02394232077268399,0.0006121616106652156,0.024554482383349206,2023Q3,1,Tuesday,8,2023,Tools
How much do Data Analysts make? #dataanalyst #dataanalystsalary,22523,848,43,PT46S,2023-07-31 13:07:06+00:00,46,0.7666666666666667,0.0376504018114816,0.0019091595258180526,0.03955956133729965,2023Q3,0,Monday,7,2023,Career
Do you need to learn SQL if you can do everything in Python?  #Python #dataanalysis #SQL,71719,3692,49,PT51S,2023-07-28 12:48:19+00:00,51,0.85,0.05147868765599074,0.0006832220192696496,0.05216190967526039,2023Q3,4,Friday,7,2023,Tutorial
Regular Expression Methods in Python,26776,520,15,PT8M37S,2023-07-25 12:00:19+00:00,517,8.616666666666667,0.019420376456528235,0.0005602031670152375,0.019980579623543472,2023Q3,1,Tuesday,7,2023,Tools
What are Hiring Managers Looking For? | Nail the Interview Process!,48095,1648,77,PT13M42S,2023-07-18 12:00:17+00:00,822,13.7,0.03426551616592161,0.0016009980247426968,0.03586651419066431,2023Q3,1,Tuesday,7,2023,Career
Scraping Data from a Real Website | Web Scraping in Python,748075,13174,541,PT25M23S,2023-07-11 12:00:07+00:00,1523,25.383333333333333,0.017610533703171474,0.000723189519767403,0.018333723222938875,2023Q3,1,Tuesday,7,2023,Tools
SQL Beginner to Advanced in One Hour | CareerFoundry Webinar,241296,6646,119,PT1H8M28S,2023-07-06 17:20:05+00:00,4108,68.46666666666667,0.02754293481864598,0.0004931702141767788,0.028036105032822757,2023Q3,3,Thursday,7,2023,Tutorial
Find and Find_All | Web Scraping in Python,105609,2641,51,PT12M10S,2023-07-04 12:00:49+00:00,730,12.166666666666666,0.025007338389720572,0.0004829133880635173,0.02549025177778409,2023Q3,1,Tuesday,7,2023,Tools
500k Livestream!!,6288,382,24,PT1H43M52S,2023-06-28 17:11:25+00:00,6232,103.86666666666666,0.06075063613231552,0.003816793893129771,0.0645674300254453,2023Q2,2,Wednesday,6,2023,Q&A/Livestream
BeautifulSoup + Requests | Web Scraping in Python,257736,4512,84,PT6M58S,2023-06-27 12:00:28+00:00,418,6.966666666666667,0.017506285501443338,0.00032591488965453023,0.01783220039109787,2023Q2,1,Tuesday,6,2023,Tools
Inspecting Web Pages with HTML | Web Scraping in Python,99126,2393,43,PT5M55S,2023-06-20 12:00:43+00:00,355,5.916666666666667,0.02414099227246131,0.0004337913362790792,0.02457478360874039,2023Q2,1,Tuesday,6,2023,Tools
Best Places to Find Datasets for Your Projects,259516,6264,108,PT7M44S,2023-06-13 12:00:16+00:00,464,7.733333333333333,0.02413724009309638,0.0004161593119499376,0.024553399405046316,2023Q2,1,Tuesday,6,2023,Project
Exploratory Data Analysis in Pandas | Python Pandas Tutorials,231269,5011,256,PT32M13S,2023-06-06 12:00:14+00:00,1933,32.21666666666667,0.021667408948021567,0.0011069360787654204,0.022774345026786987,2023Q2,1,Tuesday,6,2023,Tutorial
Data Analyst Q/A Livestream | May Livestream | Ask Me Anything!,10276,362,20,PT1H32M28S,2023-05-30 16:34:20+00:00,5548,92.46666666666667,0.035227715064227325,0.001946282600233554,0.03717399766446088,2023Q2,1,Tuesday,5,2023,Q&A/Livestream
What is Microsoft Fabric? | New Data Analytics Platform!,370996,6648,174,PT7M23S,2023-05-29 12:00:07+00:00,443,7.383333333333334,0.017919330666637916,0.00046900775210514397,0.018388338418743058,2023Q2,0,Monday,5,2023,Other
Data Cleaning in Pandas | Python Pandas Tutorials,533101,12280,542,PT38M37S,2023-05-23 12:30:17+00:00,2317,38.61666666666667,0.023035034636963728,0.0010166928968431874,0.024051727533806914,2023Q2,1,Tuesday,5,2023,Tutorial
The Ultimate Data Analytics Career Plan for 2023 | CareerFoundry Webinar,59126,1868,52,PT1H10M48S,2023-05-16 16:18:56+00:00,4248,70.8,0.03159354598653723,0.0008794777255352975,0.03247302371207252,2023Q2,1,Tuesday,5,2023,Career
State of AI in Analytics | Will AI be the End of Data Analysts?,47149,1387,376,PT1H12M32S,2023-05-15 12:30:11+00:00,4352,72.53333333333333,0.029417378947591676,0.007974718445778278,0.037392097393369954,2023Q2,0,Monday,5,2023,Other
Google Bard Got An Upgrade! + Google's New AI Announcements!,33400,794,78,PT8M41S,2023-05-12 12:15:00+00:00,521,8.683333333333334,0.02377245508982036,0.002335329341317365,0.026107784431137725,2023Q2,4,Friday,5,2023,Other
Creating Visualizations using Pandas Library | Python Pandas Tutorials,114256,2475,49,PT16M50S,2023-05-09 11:30:06+00:00,1010,16.833333333333332,0.021661882089343228,0.00042886150399103765,0.022090743593334267,2023Q2,1,Tuesday,5,2023,Tutorial
Merging DataFrames in Pandas | Python Pandas Tutorials,179477,3825,87,PT22M9S,2023-05-02 12:06:33+00:00,1329,22.15,0.021311922976203077,0.00048474177749795237,0.021796664753701032,2023Q2,1,Tuesday,5,2023,Tutorial
Data Analyst Q/A Livestream | April Livestream | Ask Me Anything!,10344,337,27,PT1H39M4S,2023-04-27 16:32:02+00:00,5944,99.06666666666666,0.032579273008507346,0.0026102088167053363,0.035189481825212685,2023Q2,3,Thursday,4,2023,Q&A/Livestream
How to Integrate ChatGPT in Jupyter Notebooks for Free!,68186,1269,60,PT8M1S,2023-04-25 11:30:01+00:00,481,8.016666666666667,0.018610858534009914,0.000879946029976828,0.019490804563986743,2023Q2,1,Tuesday,4,2023,Tutorial
7 Ways to Use ChatGPT for Analytics | Webinar,39485,1076,31,PT1H8M55S,2023-04-18 16:18:50+00:00,4135,68.91666666666667,0.02725085475497024,0.0007851082689628973,0.02803596302393314,2023Q2,1,Tuesday,4,2023,Other
Google Business Intelligence Professional Certification Review,48085,1287,74,PT7M4S,2023-04-18 11:30:08+00:00,424,7.066666666666666,0.02676510346261828,0.0015389414578350837,0.028304044920453363,2023Q2,1,Tuesday,4,2023,Other
Google Advanced Data Analytics Professional Certificate First Look | Is it Worth it?,163943,4580,404,PT11M35S,2023-04-10 11:30:21+00:00,695,11.583333333333334,0.027936538919014535,0.0024642711186204963,0.03040081003763503,2023Q2,0,Monday,4,2023,Tutorial
Group By and Aggregate Functions in Pandas | Python Pandas Tutorials,147025,3491,144,PT11M5S,2023-04-04 11:30:10+00:00,665,11.083333333333334,0.023744261180071415,0.0009794252678115966,0.024723686447883014,2023Q2,1,Tuesday,4,2023,Tutorial
Top 5 Biggest Mistakes Beginner Data Analysts Make,39966,1796,82,PT8M54S,2023-03-28 11:30:04+00:00,534,8.9,0.04493819746784767,0.0020517439823850275,0.0469899414502327,2023Q1,1,Tuesday,3,2023,Tutorial
Indexes in Pandas | Python Pandas Tutorials,89775,2006,55,PT11M22S,2023-03-21 11:30:30+00:00,682,11.366666666666667,0.022344750765803396,0.0006126427179058759,0.022957393483709274,2023Q1,1,Tuesday,3,2023,Tutorial
Create the Perfect Data Analyst Resume | Free Templates!,255533,6777,261,PT17M37S,2023-03-14 11:30:10+00:00,1057,17.616666666666667,0.026521036421910282,0.0010213944969925607,0.027542430918902842,2023Q1,1,Tuesday,3,2023,Career
Filtering Columns and Rows in Pandas | Python Pandas Tutorials,144475,2948,72,PT11M49S,2023-03-07 12:30:30+00:00,709,11.816666666666666,0.020404914345042394,0.0004983561169752553,0.02090327046201765,2023Q1,1,Tuesday,3,2023,Tutorial
Data Analyst Q/A Livestream | March Livestream | Ask Me Anything!,11222,392,33,PT1H28M16S,2023-03-02 16:27:46+00:00,5296,88.26666666666667,0.03493138477989663,0.0029406522901443593,0.03787203707004099,2023Q1,3,Thursday,3,2023,Q&A/Livestream
Reading in Files in Pandas | Python Pandas Tutorials,293820,4690,128,PT19M17S,2023-02-28 12:30:18+00:00,1157,19.283333333333335,0.01596215369954394,0.0004356408685589817,0.01639779456810292,2023Q1,1,Tuesday,2,2023,Tutorial
Building an Automated File Sorter in File Explorer using Python | Python Projects for Beginners,94025,2028,101,PT16M51S,2023-02-21 12:32:29+00:00,1011,16.85,0.021568731720287157,0.001074182398298325,0.022642914118585482,2023Q1,1,Tuesday,2,2023,Tutorial
ChatGPT for Data Analysts | Best Use Cases + Analyzing a Dataset,450681,8287,219,PT31M7S,2023-02-14 12:30:08+00:00,1867,31.116666666666667,0.018387728792649344,0.00048593129064682117,0.01887366008329617,2023Q1,1,Tuesday,2,2023,Advice
FREE Data Analyst Bootcamp!!,2508286,55897,2284,PT6M52S,2023-02-07 12:30:11+00:00,412,6.866666666666666,0.02228493879884511,0.0009105819671281505,0.023195520765973258,2023Q1,1,Tuesday,2,2023,Project
How to Become a Data Analyst in 2023 (Completely FREE!),1501389,47886,1574,PT13M59S,2023-01-31 12:30:06+00:00,839,13.983333333333333,0.03189446572473889,0.0010483625496123922,0.032942828274351285,2023Q1,1,Tuesday,1,2023,Tutorial
Live Portfolio Review with Alex the Analyst!  | Live Webinar,17870,631,23,PT1H10M17S,2023-01-25 17:14:49+00:00,4217,70.28333333333333,0.0353105763850028,0.0012870733072188024,0.0365976496922216,2023Q1,2,Wednesday,1,2023,Project
DIY Data Analyst Curriculum using Udemy (Under $75),42477,1490,121,PT12M49S,2023-01-24 12:30:13+00:00,769,12.816666666666666,0.035077806813098855,0.0028486004190503094,0.03792640723214916,2023Q1,1,Tuesday,1,2023,Other
Reviewing Maven Analytics Free Portfolio Website,30739,879,49,PT22M36S,2023-01-17 12:30:08+00:00,1356,22.6,0.02859559517225674,0.0015940661700120369,0.03018966134226878,2023Q1,1,Tuesday,1,2023,Project
5 Study Hacks for Beginner Data Analysts! | Live Webinar,46786,1345,36,PT1H17M30S,2023-01-16 17:25:08+00:00,4650,77.5,0.028747916043260803,0.0007694609498567948,0.0295173769931176,2023Q1,0,Monday,1,2023,Tutorial
DIY Data Analyst Curriculum using Coursera in 2023,66396,3031,222,PT12M32S,2023-01-10 12:30:03+00:00,752,12.533333333333333,0.04565034038195072,0.003343574914151455,0.048993915296102176,2023Q1,1,Tuesday,1,2023,Other
Building a BMI Calculator with Python | Python Projects for Beginners,118473,2367,96,PT14M23S,2023-01-03 12:30:12+00:00,863,14.383333333333333,0.01997923577523993,0.000810311210149148,0.020789546985389075,2023Q1,1,Tuesday,1,2023,Tutorial
"Reading, Writing, and Appending Files in Python | Python for Beginners",15200,386,14,PT9M24S,2022-12-27 13:00:00+00:00,564,9.4,0.02539473684210526,0.0009210526315789473,0.02631578947368421,2022Q4,1,Tuesday,12,2022,Tutorial
Why I Quit my 125k Analytics Job,158413,8672,849,PT7M43S,2022-12-20 12:00:33+00:00,463,7.716666666666667,0.05474298195223877,0.005359408634392379,0.060102390586631145,2022Q4,1,Tuesday,12,2022,Career
Data Analyst Q/A Livestream + Special Guest! | December Livestream,5125,166,15,PT1H22M48S,2022-12-17 14:16:05+00:00,4968,82.8,0.032390243902439025,0.002926829268292683,0.035317073170731704,2022Q4,5,Saturday,12,2022,Q&A/Livestream
Converting Data Types in Python | Python for Beginners,72218,1829,42,PT6M36S,2022-12-13 12:00:06+00:00,396,6.6,0.025326095987150018,0.0005815724611592678,0.025907668448309287,2022Q4,1,Tuesday,12,2022,Tutorial
Functions in Python | Python for Beginners,130974,2681,48,PT12M44S,2022-12-06 12:00:36+00:00,764,12.733333333333333,0.020469711545802984,0.0003664849512116909,0.020836196497014674,2022Q4,1,Tuesday,12,2022,Tutorial
While Loops in Python | Python for Beginners,122151,2818,47,PT5M40S,2022-11-29 12:00:07+00:00,340,5.666666666666667,0.023069807042103627,0.0003847696703260718,0.023454576712429696,2022Q4,1,Tuesday,11,2022,Tutorial
For Loops in Python | Python for Beginners,107485,2319,40,PT9M17S,2022-11-22 12:00:48+00:00,557,9.283333333333333,0.021575103502814347,0.0003721449504582035,0.02194724845327255,2022Q4,1,Tuesday,11,2022,Tutorial
Data Analyst Q/A Livestream | November Livestream,6330,197,18,PT1H2M17S,2022-11-16 02:06:22+00:00,3737,62.28333333333333,0.031121642969984202,0.002843601895734597,0.0339652448657188,2022Q4,2,Wednesday,11,2022,Q&A/Livestream
If Else Statements in Python | Python for Beginners,102417,2187,35,PT6M40S,2022-11-15 12:00:00+00:00,400,6.666666666666667,0.021353876797797242,0.000341740140796938,0.02169561693859418,2022Q4,1,Tuesday,11,2022,Tutorial
"Comparison, Logical, and Membership Operators in Python | Python for Beginners",89239,2135,23,PT7M15S,2022-11-08 12:00:35+00:00,435,7.25,0.023924517307455262,0.00025773484687188335,0.024182252154327143,2022Q4,1,Tuesday,11,2022,Tutorial
Data Types in Python | Python for Beginners,215162,4598,103,PT21M58S,2022-11-01 11:00:37+00:00,1318,21.966666666666665,0.021369944506929663,0.00047870906572721947,0.021848653572656883,2022Q4,1,Tuesday,11,2022,Tutorial
Data Analyst Q/A Livestream | October Livestream,5761,180,11,PT1H14M58S,2022-10-31 01:22:29+00:00,4498,74.96666666666667,0.03124457559451484,0.001909390730775907,0.033153966325290746,2022Q4,0,Monday,10,2022,Q&A/Livestream
Variables in Python | Python for Beginners,193675,3950,89,PT13M17S,2022-10-25 11:00:27+00:00,797,13.283333333333333,0.02039499160965535,0.0004595327223441332,0.020854524331999483,2022Q4,1,Tuesday,10,2022,Tutorial
300k Livestream! | Giveaways for People in Chat | Bring Your Wine,5285,240,21,PT1H24M24S,2022-10-19 10:56:23+00:00,5064,84.4,0.04541154210028382,0.003973509933774834,0.04938505203405866,2022Q4,2,Wednesday,10,2022,Q&A/Livestream
Installing Jupyter Notebooks/Anaconda | Python for Beginners,626252,8692,222,PT10M3S,2022-10-18 11:00:30+00:00,603,10.05,0.013879396792345573,0.00035448988586064394,0.014233886678206218,2022Q4,1,Tuesday,10,2022,Tutorial
Interviewing Tina Huang | Fellow YouTuber and Data Enthusiast,9763,332,20,PT22M6S,2022-10-13 11:00:07+00:00,1326,22.1,0.0340059407968862,0.0020485506504148315,0.03605449144730104,2022Q4,3,Thursday,10,2022,Career
Interviewing Luke Barousse | Arch-Nemesis and Fellow YouTuber,7769,338,31,PT24M26S,2022-10-11 11:00:42+00:00,1466,24.433333333333334,0.04350624275968593,0.0039902175312137985,0.04749646029089973,2022Q4,1,Tuesday,10,2022,Career
When Best Friends Work Together (ft. Luke Barousse),17131,718,84,PT5M35S,2022-10-04 10:30:09+00:00,335,5.583333333333333,0.04191232268986049,0.004903391512462787,0.04681571420232327,2022Q4,1,Tuesday,10,2022,Career
Data Analyst Live Stream | Riding out Hurricane Ian,6819,211,8,PT1H33M8S,2022-10-01 01:48:31+00:00,5588,93.13333333333334,0.030942953512245196,0.001173192550227306,0.032116146062472505,2022Q4,5,Saturday,10,2022,Q&A/Livestream
Full Power BI Guided Project | Microsoft Power BI for Beginners,620980,11300,578,PT42M37S,2022-09-27 10:30:19+00:00,2557,42.61666666666667,0.01819704338303971,0.0009307868208315888,0.0191278302038713,2022Q3,1,Tuesday,9,2022,Tutorial
Popular Visualizations in Power BI | Microsoft Power BI for Beginners,211982,4141,79,PT14M14S,2022-09-20 10:30:00+00:00,854,14.233333333333333,0.0195346774726156,0.00037267315149399477,0.019907350624109595,2022Q3,1,Tuesday,9,2022,Tutorial
"Guided Portfolio Projects on Coursera | Python, SQL, Excel, Power BI, and Tableau",61066,2184,96,PT8M21S,2022-09-13 10:30:00+00:00,501,8.35,0.035764582582779286,0.0015720695640782105,0.037336652146857496,2022Q3,1,Tuesday,9,2022,Tutorial
How to use Bins and Lists in Power BI | Microsoft Power BI for Beginners,164392,3366,63,PT9M31S,2022-09-06 10:30:02+00:00,571,9.516666666666667,0.020475448926955082,0.0003832303275098545,0.020858679254464937,2022Q3,1,Tuesday,9,2022,Tutorial
How to use Conditional Formatting in Power BI | Microsoft Power BI for Beginners,275277,3984,70,PT9M54S,2022-08-30 10:30:10+00:00,594,9.9,0.014472694776534182,0.0002542893158527592,0.01472698409238694,2022Q3,1,Tuesday,8,2022,Tutorial
Top 8 Mistakes Beginner Data Analyst's Make | CareerFoundry Webinar,77693,2062,76,PT1H10M49S,2022-08-24 16:15:29+00:00,4249,70.81666666666666,0.026540357561170246,0.0009782091050673806,0.02751856666623763,2022Q3,2,Wednesday,8,2022,Tutorial
Interviewing Ken Jee | The Face of Data Science on YouTube,7629,258,15,PT28M55S,2022-08-23 10:30:19+00:00,1735,28.916666666666668,0.033818324813212744,0.001966181675186787,0.03578450648839953,2022Q3,1,Tuesday,8,2022,Career
CareerFoundry Data Analytics Bootcamp Review | Bootcamp + Intro + Free Course Review,29198,683,129,PT22M41S,2022-08-16 10:30:00+00:00,1361,22.683333333333334,0.023392013151585726,0.004418110829508871,0.027810123981094597,2022Q3,1,Tuesday,8,2022,Career
How to use Drill Down in Power BI | Microsoft Power BI for Beginners,325206,5254,103,PT6M2S,2022-08-09 10:30:11+00:00,362,6.033333333333333,0.01615591348253107,0.00031672232369636476,0.01647263580622744,2022Q3,1,Tuesday,8,2022,Tutorial
"Best Courses for Alternative Analyst Jobs | Marketing Analyst, Business Analyst, Financial Analyst",21040,878,75,PT9M26S,2022-08-02 10:30:05+00:00,566,9.433333333333334,0.041730038022813686,0.003564638783269962,0.04529467680608365,2022Q3,1,Tuesday,8,2022,Career
250k Subscriber Live Stream!!,4176,156,11,PT1H15M39S,2022-07-26 13:19:48+00:00,4539,75.65,0.03735632183908046,0.0026340996168582377,0.039990421455938695,2022Q3,1,Tuesday,7,2022,Q&A/Livestream
How to use DAX in Power BI | Microsoft Power BI for Beginners,359383,6463,259,PT15M44S,2022-07-26 10:30:12+00:00,944,15.733333333333333,0.017983599669433446,0.0007206796092191339,0.01870427927865258,2022Q3,1,Tuesday,7,2022,Tutorial
Tech Layoffs and Hiring Freezes | The Great Resignation | Alex The Analyst Show | Episode 23,22074,609,126,PT49M14S,2022-07-19 10:30:06+00:00,2954,49.233333333333334,0.027589018755096492,0.0057080728458820335,0.033297091600978525,2022Q3,1,Tuesday,7,2022,Career
How to Create and Manage Relationships in Power BI | Microsoft Power BI for Beginners,461096,7303,180,PT8M36S,2022-07-12 10:30:22+00:00,516,8.6,0.01583835036521679,0.0003903742387702344,0.016228724603987024,2022Q3,1,Tuesday,7,2022,Tutorial
Machine Learning Specialization on Coursera | Review,26814,823,63,PT14M55S,2022-07-05 10:30:01+00:00,895,14.916666666666666,0.030692921608115164,0.002349518908033117,0.03304244051614828,2022Q3,1,Tuesday,7,2022,Tutorial
Meta Marketing Analytics Professional Certificate on Coursera | Review,41130,1028,99,PT19M6S,2022-06-28 10:30:07+00:00,1146,19.1,0.024993921711646,0.0024070021881838076,0.02740092389982981,2022Q2,1,Tuesday,6,2022,Other
Google's Secret Hiring Platform | Found in the Google Data Analytics Certification,45818,1636,132,PT10M12S,2022-06-21 10:30:09+00:00,612,10.2,0.03570649089877341,0.0028809638133484657,0.038587454712121876,2022Q2,1,Tuesday,6,2022,Career
How to use Power Query in Power BI | Microsoft Power BI for Beginners,593393,8777,140,PT13M7S,2022-06-14 10:30:08+00:00,787,13.116666666666667,0.014791209198625532,0.0002359313305010339,0.015027140529126565,2022Q2,1,Tuesday,6,2022,Tutorial
Automating Crypto Website API Pull Using Python | Data Analyst Project,93460,1509,130,PT51M14S,2022-06-07 10:30:10+00:00,3074,51.233333333333334,0.016145944789214637,0.0013909693986732291,0.017536914187887866,2022Q2,1,Tuesday,6,2022,Project
How to use a Public API | Using a Public API with Python,74314,2127,95,PT14M1S,2022-05-31 10:30:01+00:00,841,14.016666666666667,0.02862179400920419,0.0012783593939230831,0.02990015340312727,2022Q2,1,Tuesday,5,2022,Tutorial
How to Install Power BI | Building First Visualization | Microsoft Power BI for Beginners,884094,13893,337,PT12M50S,2022-05-24 10:30:06+00:00,770,12.833333333333334,0.015714392360993288,0.0003811811866159028,0.016095573547609193,2022Q2,1,Tuesday,5,2022,Tutorial
MySQL vs Postgresql vs Microsoft SQL Server Management Tools | Which Option is Best?,184127,3604,289,PT16M5S,2022-05-17 10:30:06+00:00,965,16.083333333333332,0.019573446588495982,0.0015695688302095835,0.021143015418705568,2022Q2,1,Tuesday,5,2022,Tools
Top 3 Tips to Stop Procrastinating to be Successful,33623,1673,155,PT6M40S,2022-05-10 10:30:05+00:00,400,6.666666666666667,0.04975760640038069,0.00460993962466169,0.05436754602504238,2022Q2,1,Tuesday,5,2022,Advice
SQL vs NoSQL | What's the Difference?,69777,1985,70,PT5M55S,2022-05-03 10:30:03+00:00,355,5.916666666666667,0.028447769322269514,0.0010031958954956504,0.029450965217765166,2022Q2,1,Tuesday,5,2022,Tools
Database vs Data Warehouse vs Data Lake | What is the Difference?,1037730,26309,352,PT5M22S,2022-04-26 10:30:00+00:00,322,5.366666666666666,0.02535245198654756,0.00033920191186532144,0.02569165389841288,2022Q2,1,Tuesday,4,2022,Other
How I Manage My Time Working 60+ Hours Per Week | Alex The Analyst Show | Episode 22,12126,329,161,PT43M30S,2022-04-20 10:30:09+00:00,2610,43.5,0.027131782945736434,0.013277255484083787,0.04040903842982022,2022Q2,2,Wednesday,4,2022,Career
200k Livestream! | Shaving | Puppies | Giveaway,3189,133,11,PT1H21M32S,2022-04-14 13:29:42+00:00,4892,81.53333333333333,0.04170586390718094,0.003449357165255566,0.045155221072436504,2022Q2,3,Thursday,4,2022,Q&A/Livestream
Things I HATE About Being a Data Analyst,36799,1517,200,PT10M34S,2022-04-12 10:30:00+00:00,634,10.566666666666666,0.04122394630288866,0.005434930297018941,0.046658876599907605,2022Q2,1,Tuesday,4,2022,Other
Best Website to Practice Technical Interview Questions,20472,688,56,PT21M45S,2022-04-05 10:30:07+00:00,1305,21.75,0.03360687768659633,0.0027354435326299334,0.03634232121922626,2022Q2,1,Tuesday,4,2022,Career
Pros and Cons of Working Remote | Alex The Analyst Show | Episode 21,7212,275,158,PT48M50S,2022-03-29 10:30:17+00:00,2930,48.833333333333336,0.03813089295618414,0.021907931225734888,0.060038824181919026,2022Q1,1,Tuesday,3,2022,Career
Full Project in Excel | Excel Tutorials for Beginners,1182282,23961,1283,PT40M50S,2022-03-22 10:30:15+00:00,2450,40.833333333333336,0.020266738392363242,0.0010851894894788215,0.021351927881842064,2022Q1,1,Tuesday,3,2022,Tutorial
Top 5 Non-Technical Skills for Data Analysts,22530,828,72,PT16M30S,2022-03-15 10:30:18+00:00,990,16.5,0.03675099866844208,0.003195739014647137,0.03994673768308921,2022Q1,1,Tuesday,3,2022,Advice
Cleaning Data in Excel | Excel Tutorials for Beginners,788232,15632,378,PT21M4S,2022-03-01 11:30:14+00:00,1264,21.066666666666666,0.019831724669894142,0.00047955424291325395,0.020311278912807398,2022Q1,1,Tuesday,3,2022,Tutorial
Tableau Data Analyst Certification Review,73180,1692,129,PT12M49S,2022-02-22 11:30:01+00:00,769,12.816666666666666,0.023121071330964745,0.0017627767149494397,0.024883848045914186,2022Q1,1,Tuesday,2,2022,Tools
Job Title Alternatives for Data Analysts,26666,1022,94,PT12M12S,2022-02-15 11:30:07+00:00,732,12.2,0.038325958148953725,0.0035250881272031803,0.041851046276156906,2022Q1,1,Tuesday,2,2022,Career
Best Coursera Courses for Data Analysts in 2022,126773,5856,219,PT9M32S,2022-02-08 11:30:01+00:00,572,9.533333333333333,0.04619280130627184,0.0017274971799988957,0.04792029848627074,2022Q1,1,Tuesday,2,2022,Advice
Understanding Your Data Analyst Salary Offer | What To Know Before Accepting,21203,720,61,PT7M30S,2022-02-01 11:30:10+00:00,450,7.5,0.033957458850162714,0.002876951374805452,0.03683441022496817,2022Q1,1,Tuesday,2,2022,Career
Charts in Excel | Excel Tutorials for Beginners,215539,4995,102,PT15M11S,2022-01-25 11:30:18+00:00,911,15.183333333333334,0.023174460306487458,0.0004732322224748189,0.023647692528962275,2022Q1,1,Tuesday,1,2022,Tutorial
How I became a Data Analytics Manager | Alex The Analyst Show | Episode 20,23690,869,361,PT49M4S,2022-01-18 11:30:02+00:00,2944,49.06666666666667,0.03668214436471085,0.015238497256226256,0.051920641620937104,2022Q1,1,Tuesday,1,2022,Other
Conditional Formatting in Excel | Excel Tutorials for Beginners,301588,6003,136,PT20M59S,2022-01-11 11:30:08+00:00,1259,20.983333333333334,0.01990463811557489,0.000450946324124302,0.020355584439699193,2022Q1,1,Tuesday,1,2022,Tutorial
150k Subscriber Livestream!!,3505,159,7,PT1H25M38S,2022-01-10 14:59:31+00:00,5138,85.63333333333334,0.04536376604850214,0.0019971469329529245,0.04736091298145506,2022Q1,0,Monday,1,2022,Q&A/Livestream
How To Become A Data Analyst In 2022,498678,21802,628,PT13M,2022-01-04 11:30:11+00:00,780,13.0,0.04371959460814393,0.0012593296676412435,0.044978924275785176,2022Q1,1,Tuesday,1,2022,Tutorial
XLOOKUP in Excel | Excel Tutorials for Beginners,364095,7146,267,PT18M47S,2021-12-28 11:30:06+00:00,1127,18.783333333333335,0.019626745766901495,0.0007333250937255387,0.020360070860627036,2021Q4,1,Tuesday,12,2021,Tutorial
Formulas in Excel | Excel Tutorials for Beginners,598346,11794,562,PT33M54S,2021-12-21 11:30:07+00:00,2034,33.9,0.01971100333251998,0.0009392558820481795,0.02065025921456816,2021Q4,1,Tuesday,12,2021,Tutorial
Pivot Tables in Excel | Excel Tutorials for Beginners,1199694,23131,520,PT17M35S,2021-12-14 11:30:07+00:00,1055,17.583333333333332,0.0192807499245641,0.00043344386151802043,0.019714193786082117,2021Q4,1,Tuesday,12,2021,Tutorial
Full Beginner Project in Tableau | Tableau Tutorials for Beginners,372970,7045,542,PT44M18S,2021-12-07 11:30:11+00:00,2658,44.3,0.01888891867978658,0.0014531999892752768,0.020342118669061854,2021Q4,1,Tuesday,12,2021,Tutorial
How to use Joins in Tableau | Tableau Tutorials for Beginners,195243,4835,77,PT14M29S,2021-11-23 11:30:02+00:00,869,14.483333333333333,0.024764012026039346,0.0003943803362988686,0.025158392362338213,2021Q4,1,Tuesday,11,2021,Tutorial
Top 5 Major Red Flags in Job Descriptions,18494,954,71,PT7M1S,2021-11-18 11:30:08+00:00,421,7.016666666666667,0.05158429761003569,0.003839082945820266,0.05542338055585595,2021Q4,3,Thursday,11,2021,Career
Truth About My Job (Song) - As a Data Analyst,12200,936,108,PT3M18S,2021-11-08 11:30:01+00:00,198,3.3,0.07672131147540984,0.008852459016393442,0.08557377049180327,2021Q4,0,Monday,11,2021,Career
How to Grow Your Analytics Career | Alteryx Webinar Oct 2021 | Tips to Break Into Analytics,11514,344,34,PT20M20S,2021-10-26 10:00:23+00:00,1220,20.333333333333332,0.029876671877714086,0.0029529268716345317,0.03282959874934862,2021Q4,1,Tuesday,10,2021,Tutorial
Choosing a Domain to Make More Money,21104,995,77,PT8M41S,2021-10-19 10:00:16+00:00,521,8.683333333333334,0.04714746019711903,0.0036485974222896134,0.05079605761940864,2021Q4,1,Tuesday,10,2021,Other
How to Create Visualizations in Tableau | Tableau Tutorials for Beginners,234051,5035,229,PT14M5S,2021-10-05 11:30:14+00:00,845,14.083333333333334,0.021512405415913625,0.0009784192334149394,0.022490824649328566,2021Q4,1,Tuesday,10,2021,Tutorial
How to use Calculated Fields and Bins in Tableau | Tableau Tutorials for Beginners,303303,6128,107,PT6M25S,2021-09-28 11:30:07+00:00,385,6.416666666666667,0.020204218224020205,0.0003527825310003528,0.020557000755020555,2021Q3,1,Tuesday,9,2021,Tutorial
How to Install Tableau and Create First Visualization | Tableau Tutorials for Beginners,974661,21094,478,PT17M4S,2021-09-21 11:30:01+00:00,1024,17.066666666666666,0.021642396689720837,0.0004904269279267355,0.02213282361764757,2021Q3,1,Tuesday,9,2021,Tutorial
How NOT to Become a Data Analyst (Funny?),17560,708,114,PT4M51S,2021-09-07 11:30:01+00:00,291,4.85,0.04031890660592255,0.006492027334851936,0.046810933940774485,2021Q3,1,Tuesday,9,2021,Other
100k Subscriber Play Button Unboxing,2693,237,96,PT6M36S,2021-08-31 11:30:04+00:00,396,6.6,0.08800594132937245,0.03564797623468251,0.12365391756405496,2021Q3,1,Tuesday,8,2021,Other
Amazon Web Scraping Using Python | Data Analyst Portfolio Project,326414,7039,725,PT47M14S,2021-08-24 11:30:01+00:00,2834,47.233333333333334,0.021564638771621316,0.002221105712377533,0.02378574448399885,2021Q3,1,Tuesday,8,2021,Project
Interviewing with PwC for a Senior Data Analyst Position,101632,2667,157,PT23M9S,2021-08-17 11:30:01+00:00,1389,23.15,0.026241734886649874,0.0015447890428211587,0.027786523929471032,2021Q3,1,Tuesday,8,2021,Career
100k Livestream | Announcing Giveaway Winners | Trimming Mustache | Answering Questions,4759,191,26,PT1H2M8S,2021-08-13 14:38:59+00:00,3728,62.13333333333333,0.04013448203404076,0.005463332632906073,0.04559781466694684,2021Q3,4,Friday,8,2021,Q&A/Livestream
I Am No Longer a Data Analyst | Turning Down PwC | New Job,143416,4388,481,PT15M59S,2021-08-11 11:30:05+00:00,959,15.983333333333333,0.030596307246053438,0.003353879622915156,0.03395018686896859,2021Q3,2,Wednesday,8,2021,Career
When To Start Applying To Your First Data Analyst Job,93261,4825,246,PT4M11S,2021-07-21 11:30:04+00:00,251,4.183333333333334,0.051736524377821384,0.0026377585485894426,0.054374282926410826,2021Q3,2,Wednesday,7,2021,Career
Why You Need to Stop Taking Courses (From an Ex-Course Addict),131068,5614,363,PT3M31S,2021-07-13 11:30:00+00:00,211,3.5166666666666666,0.042832728049562056,0.0027695547349467454,0.045602282784508806,2021Q3,1,Tuesday,7,2021,Advice
How to Create a Portfolio Website for FREE,824125,17758,862,PT35M29S,2021-06-29 11:30:13+00:00,2129,35.483333333333334,0.02154770210829668,0.0010459578340664341,0.022593659942363113,2021Q2,1,Tuesday,6,2021,Tutorial
Data Analyst Portfolio Project | Correlation in Python | Project 4/4,215093,3648,540,PT1H45S,2021-06-22 11:30:05+00:00,3645,60.75,0.016960105628728038,0.002510541951620927,0.019470647580348964,2021Q2,1,Tuesday,6,2021,Project
How To Get a Data Analyst Job (with No Experience),504731,21333,614,PT7M37S,2021-06-08 11:30:12+00:00,457,7.616666666666666,0.042266078366496214,0.0012164895756353385,0.04348256794213155,2021Q2,1,Tuesday,6,2021,Tutorial
My Wife Answers Subscribers Questions About Me | Alex The Analyst Show | Episode 19,6494,242,109,PT26M25S,2021-06-03 11:30:01+00:00,1585,26.416666666666668,0.03726516784724361,0.016784724360948567,0.054049892208192174,2021Q2,3,Thursday,6,2021,Q&A/Livestream
Favorite Tableau and Power BI Courses on Udemy,34944,889,86,PT10M23S,2021-06-01 11:30:03+00:00,623,10.383333333333333,0.025440705128205128,0.002461080586080586,0.027901785714285716,2021Q2,1,Tuesday,6,2021,Tools
Data Analyst Portfolio Project | Data Cleaning in SQL | Project 3/4,477078,8688,892,PT54M44S,2021-05-25 11:30:01+00:00,3284,54.733333333333334,0.01821085860173808,0.0018697152247640846,0.020080573826502166,2021Q2,1,Tuesday,5,2021,Project
Data Analyst Portfolio Project | Tableau Visualization | Project 2/4,431768,6595,478,PT52M17S,2021-05-18 11:30:04+00:00,3137,52.28333333333333,0.015274406625780512,0.0011070760223082766,0.016381482648088787,2021Q2,1,Tuesday,5,2021,Project
Asking My Family What I Do For a Living,3790,193,55,PT12M37S,2021-05-11 11:00:08+00:00,757,12.616666666666667,0.05092348284960422,0.014511873350923483,0.0654353562005277,2021Q2,1,Tuesday,5,2021,Other
Data Analyst Portfolio Project | SQL Data Exploration | Project 1/4,2317883,38966,4497,PT1H17M9S,2021-05-04 11:00:31+00:00,4629,77.15,0.016811029719791724,0.00194013243981685,0.018751162159608575,2021Q2,1,Tuesday,5,2021,Project
Advanced SQL Tutorial | Subqueries,454734,9532,246,PT8M37S,2021-04-20 11:00:32+00:00,517,8.616666666666667,0.020961705084730855,0.000540975603319743,0.021502680688050595,2021Q2,1,Tuesday,4,2021,Tutorial
Data Analyst Q/A #6 | Why Am I Not a Data Scientist?,22553,817,141,PT19M5S,2021-04-15 11:00:06+00:00,1145,19.083333333333332,0.03622577927548441,0.006251939874961202,0.04247771915044562,2021Q2,3,Thursday,4,2021,Other
Google vs IBM Data Analytics Certificates | Which is Better?,392190,12846,640,PT5M58S,2021-04-13 11:00:04+00:00,358,5.966666666666667,0.03275453224202555,0.0016318621076519034,0.034386394349677454,2021Q2,1,Tuesday,4,2021,Other
Data Analyst Reacts: How to Go From Data Analyst to Data Scientist,28772,966,85,PT12M28S,2021-04-06 11:00:12+00:00,748,12.466666666666667,0.03357430835534547,0.00295426108716808,0.03652856944251356,2021Q2,1,Tuesday,4,2021,Tutorial
Laptops for Data Analysts |  Specifications + Recommendations,207103,4322,335,PT15M30S,2021-03-30 11:00:18+00:00,930,15.5,0.0208688430394538,0.001617552618745262,0.02248639565819906,2021Q1,1,Tuesday,3,2021,Advice
Best Machine Learning Courses on Coursera,64944,1896,83,PT6M39S,2021-03-23 11:00:02+00:00,399,6.65,0.029194382852919438,0.0012780241438778025,0.03047240699679724,2021Q1,1,Tuesday,3,2021,Tutorial
Will Data Analysts Be Automated? | Alex The Analyst | Episode 18,16633,484,118,PT28M7S,2021-03-18 11:00:08+00:00,1687,28.116666666666667,0.029098779534660012,0.007094330547706367,0.03619311008236638,2021Q1,3,Thursday,3,2021,Other
Advanced SQL Tutorial | Stored Procedures + Use Cases,524657,8805,204,PT6M15S,2021-03-16 11:00:07+00:00,375,6.25,0.01678239306823315,0.00038882546120608323,0.017171218529439234,2021Q1,1,Tuesday,3,2021,Tutorial
Google Data Analytics Professional Certificate | It's Finally Here!,374290,11211,1161,PT14M34S,2021-03-12 12:00:17+00:00,874,14.566666666666666,0.029952710465147345,0.003101872879318176,0.033054583344465524,2021Q1,4,Friday,3,2021,Other
Google Data Analytics Certificate | Coming Out Soon!,51851,2352,314,PT7M44S,2021-03-04 12:15:01+00:00,464,7.733333333333333,0.04536074521224277,0.006055813774083431,0.0514165589863262,2021Q1,3,Thursday,3,2021,Other
Reviewing Your Data Analyst Resumes | Part 2,25598,593,77,PT40M36S,2021-03-02 12:00:08+00:00,2436,40.6,0.023165872333776077,0.0030080475037112275,0.026173919837487302,2021Q1,1,Tuesday,3,2021,Career
Best Course to Learn Statistics for Data Analysis,134356,3193,91,PT6M12S,2021-02-25 12:00:13+00:00,372,6.2,0.02376522075679538,0.0006773050701122392,0.02444252582690762,2021Q1,3,Thursday,2,2021,Tutorial
DataQuest Review | Is it Worth it?,26085,435,46,PT17M20S,2021-02-23 12:00:19+00:00,1040,17.333333333333332,0.01667625071880391,0.0017634655932528274,0.018439716312056736,2021Q1,1,Tuesday,2,2021,Other
R vs Python | Which is Better for Data Analysis?,243606,5299,423,PT11M51S,2021-02-16 12:00:00+00:00,711,11.85,0.02175233779135161,0.0017364104332405605,0.023488748224592168,2021Q1,1,Tuesday,2,2021,Tools
Advanced SQL Tutorial | String Functions + Use Cases,196387,4694,157,PT13M49S,2021-02-04 12:00:04+00:00,829,13.816666666666666,0.023901785759749883,0.0007994419182532448,0.024701227678003125,2021Q1,3,Thursday,2,2021,Tutorial
Advanced SQL Tutorial | Temp Tables,285643,6037,149,PT10M19S,2021-02-02 12:00:13+00:00,619,10.316666666666666,0.02113477312589491,0.000521630146721607,0.021656403272616517,2021Q1,1,Tuesday,2,2021,Tutorial
IBM Data Analyst Certificate Study Session,5364,174,22,PT1H21M50S,2021-01-30 15:33:41+00:00,4910,81.83333333333333,0.03243847874720358,0.004101416853094705,0.036539895600298286,2021Q1,5,Saturday,1,2021,Other
IBM Data Analyst Professional Certificate by Coursera | Is it Worth it?,137419,3322,310,PT7M26S,2021-01-26 12:00:22+00:00,446,7.433333333333334,0.02417424082550448,0.002255874369628654,0.026430115195133132,2021Q1,1,Tuesday,1,2021,Other
DataCamp Review | Is it Worth it?,214836,4301,271,PT16M15S,2021-01-21 12:00:03+00:00,975,16.25,0.020019922173192574,0.001261427321305554,0.021281349494498128,2021Q1,3,Thursday,1,2021,Other
Best Python Course for Data Analysts,56972,1388,120,PT8M38S,2021-01-19 12:00:09+00:00,518,8.633333333333333,0.024362844906269745,0.0021062978305132346,0.02646914273678298,2021Q1,1,Tuesday,1,2021,Tools
Top 5 Data Analyst Skills,35202,1423,170,PT5M51S,2021-01-12 12:00:07+00:00,351,5.85,0.04042383955457076,0.004829271064144083,0.04525311061871484,2021Q1,1,Tuesday,1,2021,Advice
Best Industries for Data Analysts in 2021 | Alex The Analyst Show | Episode 17,15655,503,146,PT27M45S,2021-01-07 12:00:28+00:00,1665,27.75,0.03213030980517407,0.009326093899712552,0.04145640370488662,2021Q1,3,Thursday,1,2021,Advice
Top 5 Data Analyst Interview Mistakes,109276,2685,73,PT5M28S,2021-01-05 12:00:10+00:00,328,5.466666666666667,0.02457081152311578,0.0006680332369413229,0.025238844760057104,2021Q1,1,Tuesday,1,2021,Career
2020 Year End Review + Upcoming Giveaway Details,1591,140,101,PT3M37S,2020-12-31 12:00:01+00:00,217,3.6166666666666667,0.08799497171590195,0.06348208673790069,0.15147705845380263,2020Q4,3,Thursday,12,2020,Q&A/Livestream
Data Analyst Resume | Everything You Need to Know | Alex The Analyst Show | Episode 16,42560,1216,137,PT51M26S,2020-12-24 12:00:19+00:00,3086,51.43333333333333,0.02857142857142857,0.003218984962406015,0.031790413533834584,2020Q4,3,Thursday,12,2020,Career
Solving Medium Level SQL LeetCode Questions | Part 2/3,12409,259,33,PT21M26S,2020-12-22 12:00:04+00:00,1286,21.433333333333334,0.020871947779837214,0.002659360141832541,0.023531307921669756,2020Q4,1,Tuesday,12,2020,Tools
Entry vs Mid vs Senior Level Data Analyst | Alex The Analyst Show | Episode 15,47671,1558,207,PT26M40S,2020-12-17 12:00:12+00:00,1600,26.666666666666668,0.03268234356317258,0.0043422625915126595,0.03702460615468524,2020Q4,3,Thursday,12,2020,Other
Data Engineer vs Data Analyst | Which Is Right For You?,87907,2842,147,PT6M39S,2020-12-15 12:00:08+00:00,399,6.65,0.032329621076819824,0.001672221779835508,0.03400184285665533,2020Q4,1,Tuesday,12,2020,Other
How to Find Out Your Coworkers Salary | Alex The Analyst Show | Episode 14,3257,98,56,PT26M11S,2020-12-10 12:00:30+00:00,1571,26.183333333333334,0.030089038992938286,0.017193736567393307,0.04728277556033159,2020Q4,3,Thursday,12,2020,Tutorial
Advanced SQL Tutorial | CTE (Common Table Expression),443958,6740,199,PT3M44S,2020-12-08 12:00:05+00:00,224,3.7333333333333334,0.015181616279017384,0.00044824059933597324,0.015629856878353356,2020Q4,1,Tuesday,12,2020,Tutorial
"Data Analyst Salary (Expectations, Bonuses, 401K, ESPP) | Alex The Analyst Show | Episode 13",23399,739,190,PT27M8S,2020-12-03 12:00:00+00:00,1628,27.133333333333333,0.0315825462626608,0.008120005128424292,0.03970255139108509,2020Q4,3,Thursday,12,2020,Career
Intermediate SQL Tutorial | Partition By,321859,7093,204,PT4M14S,2020-12-01 12:04:43+00:00,254,4.233333333333333,0.022037600315666178,0.0006338179140555336,0.02267141822972171,2020Q4,1,Tuesday,12,2020,Tutorial
Data Analyst Q/A LIVE #5 | AMA,4943,131,18,PT1H29M31S,2020-11-28 17:07:30+00:00,5371,89.51666666666667,0.02650212421606312,0.003641513251062108,0.03014363746712523,2020Q4,5,Saturday,11,2020,Q&A/Livestream
Completely REALISTIC Jobs on LinkedIn | Alex The Analyst Show | Episode 12,24999,887,162,PT26M43S,2020-11-25 11:00:05+00:00,1603,26.716666666666665,0.03548141925677027,0.006480259210368415,0.041961678467138684,2020Q4,2,Wednesday,11,2020,Tutorial
Completely Unrealistic Jobs on LinkedIn | Alex The Analyst Show | Episode 11,14751,573,205,PT22M9S,2020-11-19 15:00:26+00:00,1329,22.15,0.03884482407972341,0.013897362890651481,0.05274218697037489,2020Q4,3,Thursday,11,2020,Tutorial
Top 3 Tips on Using LinkedIn to Land a Job,369259,12693,253,PT6M50S,2020-11-17 14:11:52+00:00,410,6.833333333333333,0.0343742468023799,0.0006851559474515177,0.03505940274983142,2020Q4,1,Tuesday,11,2020,Career
What is No Code Analytics? | Alex The Analyst Show | Episode 10,3981,122,81,PT22M35S,2020-11-12 12:34:08+00:00,1355,22.583333333333332,0.030645566440592815,0.020346646571213264,0.05099221301180608,2020Q4,3,Thursday,11,2020,Other
Solving LeetCode SQL Interview Questions | Part 1/3,28419,721,66,PT27M13S,2020-11-10 15:02:50+00:00,1633,27.216666666666665,0.025370350821633414,0.0023223899503853054,0.02769274077201872,2020Q4,1,Tuesday,11,2020,Career
What is Analytics Consulting? With John Ariansen | Alex The Analyst Show | Episode 9,14162,399,118,PT53M56S,2020-11-05 15:43:17+00:00,3236,53.93333333333333,0.028173986725038836,0.008332156475074142,0.03650614320011298,2020Q4,3,Thursday,11,2020,Other
Data Analyst Skills Path | What Skills You NEED to Know,78287,3603,269,PT4M46S,2020-11-03 15:13:12+00:00,286,4.766666666666667,0.04602296677609309,0.003436074954973367,0.04945904173106646,2020Q4,1,Tuesday,11,2020,Other
Data Analyst Q&A LIVE #4,3612,104,25,PT1H9M11S,2020-10-30 15:13:53+00:00,4151,69.18333333333334,0.028792912513842746,0.0069213732004429675,0.03571428571428571,2020Q4,4,Friday,10,2020,Q&A/Livestream
Asking My Wife Your Questions About Me | Alex The Analyst Show | Episode 8,14708,566,223,PT29M35S,2020-10-27 16:06:53+00:00,1775,29.583333333333332,0.03848245852597226,0.015161816698395432,0.05364427522436769,2020Q4,1,Tuesday,10,2020,Q&A/Livestream
Top 10 Udemy Courses for Data Analysts,207032,5298,305,PT10M57S,2020-10-22 15:14:21+00:00,657,10.95,0.025590246918350785,0.0014732022102863325,0.027063449128637118,2020Q4,3,Thursday,10,2020,Advice
Data Analyst Certifications | Are They Worth It? | Alex The Analyst Show | Episode 7,180745,6195,986,PT33M17S,2020-10-20 14:08:32+00:00,1997,33.28333333333333,0.03427480704860439,0.005455199313950594,0.03973000636255498,2020Q4,1,Tuesday,10,2020,Other
Working at a Startup vs Fortune 500 Company | Alex The Analyst Show | Episode 6,4921,184,74,PT29M22S,2020-10-15 15:33:32+00:00,1762,29.366666666666667,0.037390774232879495,0.015037593984962405,0.0524283682178419,2020Q4,3,Thursday,10,2020,Career
Top 10 Coursera Courses for Data Analysts,118523,4994,287,PT10M33S,2020-10-13 14:40:18+00:00,633,10.55,0.042135281759658465,0.002421470938130152,0.04455675269778862,2020Q4,1,Tuesday,10,2020,Advice
Imposter Syndrome in Tech | Alex The Analyst Show | Episode 5,7746,377,176,PT25M56S,2020-10-08 14:26:27+00:00,1556,25.933333333333334,0.04867028143557965,0.022721404595920477,0.07139168603150013,2020Q4,3,Thursday,10,2020,Other
Data Analyst Expectations vs Reality,76052,2788,187,PT3M56S,2020-10-06 14:52:33+00:00,236,3.933333333333333,0.036659127965076525,0.002458843948877084,0.03911797191395361,2020Q4,1,Tuesday,10,2020,Other
Covid and the Data Analyst Job Market | Alex The Analyst Show | Episode 4,7462,254,161,PT26M6S,2020-10-01 13:53:17+00:00,1566,26.1,0.03403913160010721,0.021575984990619138,0.05561511659072635,2020Q4,3,Thursday,10,2020,Career
Self Taught vs Boot Camp vs Degree | Alex The Analyst Show | Episode 3,46082,1527,718,PT28M,2020-09-24 15:29:17+00:00,1680,28.0,0.03313658261360184,0.015580920966971919,0.04871750358057376,2020Q3,3,Thursday,9,2020,Other
Top 5 Reasons You'll Be a Good Data Analyst,15004,617,82,PT3M44S,2020-09-22 13:03:29+00:00,224,3.7333333333333334,0.04112236736870168,0.005465209277525993,0.046587576646227674,2020Q3,1,Tuesday,9,2020,Advice
How I Changed Careers to Become a Data Analyst | Alex The Analyst Show | Episode 2,419035,12148,3810,PT40M54S,2020-09-10 13:16:00+00:00,2454,40.9,0.028990418461465033,0.009092319257341273,0.038082737718806305,2020Q3,3,Thursday,9,2020,Career
Top 5 Reasons Data Analytics is a Good Career Choice,44949,1313,72,PT2M53S,2020-09-08 14:15:55+00:00,173,2.8833333333333333,0.029210883445682886,0.001601815390776213,0.0308126988364591,2020Q3,1,Tuesday,9,2020,Career
The Hiring Process from an Interviewer's Perspective | Alex The Analyst Show | Episode 1,23492,718,85,PT27M4S,2020-09-03 15:38:28+00:00,1624,27.066666666666666,0.030563596117827347,0.0036182530223054657,0.03418184914013281,2020Q3,3,Thursday,9,2020,Career
Top 5 Reasons Not to Lie on Your Resume,12725,214,119,PT3M57S,2020-09-01 12:29:45+00:00,237,3.95,0.016817288801571708,0.009351669941060905,0.026168958742632614,2020Q3,1,Tuesday,9,2020,Career
Live Data Analyst Q&A #3,3210,100,43,PT1H2M18S,2020-08-29 14:37:52+00:00,3738,62.3,0.03115264797507788,0.01339563862928349,0.04454828660436137,2020Q3,5,Saturday,8,2020,Q&A/Livestream
Data Analyst Career Path | How to Become a Data Analyst + What to Do Next,132218,4652,270,PT8M42S,2020-08-20 13:46:16+00:00,522,8.7,0.03518431681011663,0.0020420820160643783,0.037226398826181006,2020Q3,3,Thursday,8,2020,Tutorial
Top 5 Reasons Not to Become a Data Analyst,928768,19707,1039,PT5M18S,2020-08-12 14:52:19+00:00,318,5.3,0.021218431298235942,0.0011186862596471885,0.022337117557883132,2020Q3,2,Wednesday,8,2020,Advice
Data Analyst Bootcamps | Are They Worth It?,35589,581,93,PT5M46S,2020-08-05 13:14:01+00:00,346,5.766666666666667,0.01632526904380567,0.0026131669898002193,0.01893843603360589,2020Q3,2,Wednesday,8,2020,Project
What Does a Data Analyst Actually Do?,1102007,21084,520,PT4M18S,2020-07-29 13:48:00+00:00,258,4.3,0.019132364857936474,0.0004718663311576061,0.01960423118909408,2020Q3,2,Wednesday,7,2020,Other
Data Analyst Question and Answer | Answering Your YouTube Questions,5163,182,66,PT5M49S,2020-07-22 14:35:55+00:00,349,5.816666666666666,0.03525082316482665,0.012783265543288786,0.04803408870811544,2020Q3,2,Wednesday,7,2020,Q&A/Livestream
Scraping Data Off Twitter Using Python | Twitterscraper + NLP + Data Visualization,55704,1387,159,PT6M42S,2020-07-15 14:00:20+00:00,402,6.7,0.024899468619847768,0.002854373115036622,0.027753841734884387,2020Q3,2,Wednesday,7,2020,Tools
Data Analyst vs Business Analyst | Which Is Right For You?,804897,20076,595,PT4M40S,2020-07-03 14:17:52+00:00,280,4.666666666666667,0.024942321812604595,0.000739225018853344,0.025681546831457937,2020Q3,4,Friday,7,2020,Other
Best Free Online Courses for Data Analysts,58462,2754,95,PT4M59S,2020-06-23 13:55:50+00:00,299,4.983333333333333,0.047107522835346034,0.0016249871711539118,0.048732510006499946,2020Q2,1,Tuesday,6,2020,Advice
Best Online Courses for Data Analysts,190922,9630,426,PT8M45S,2020-06-17 14:57:22+00:00,525,8.75,0.050439446475524036,0.002231277694555892,0.052670724170079924,2020Q2,2,Wednesday,6,2020,Advice
Data Scientist vs Data Analyst | Which Is Right For You?,799066,24351,858,PT7M47S,2020-06-10 15:49:15+00:00,467,7.783333333333333,0.030474328778849306,0.0010737536073365654,0.03154808238618587,2020Q2,2,Wednesday,6,2020,Other
Intermediate SQL Tutorial | Aliasing,159007,4141,106,PT6M12S,2020-06-04 14:00:10+00:00,372,6.2,0.02604287861540687,0.000666637317853931,0.026709515933260798,2020Q2,3,Thursday,6,2020,Tutorial
Data Analyst Q&A LIVE,13299,276,52,PT51M45S,2020-05-31 13:54:38+00:00,3105,51.75,0.020753440108278818,0.0039100684261974585,0.024663508534476276,2020Q2,6,Sunday,5,2020,Q&A/Livestream
Data Analyst Interviews | Salary Negotiation,28370,871,27,PT5M37S,2020-05-27 15:13:50+00:00,337,5.616666666666666,0.030701445188579486,0.0009517095523440254,0.03165315474092351,2020Q2,2,Wednesday,5,2020,Career
Data Analyst Interview Questions | What To Say vs What NOT To Say,80795,1902,35,PT7M49S,2020-05-20 14:03:02+00:00,469,7.816666666666666,0.023541060709202304,0.0004331951234606102,0.02397425583266291,2020Q2,2,Wednesday,5,2020,Career
SQL Interview Questions and Answers for Beginners | Data Analyst Interview Questions,137758,3471,112,PT8M2S,2020-05-13 15:00:26+00:00,482,8.033333333333333,0.025196358832154937,0.000813019933506584,0.026009378765661523,2020Q2,2,Wednesday,5,2020,Tutorial
Data Analyst Interview Questions | Phone + In-Person Interview Questions,89234,1728,61,PT7M44S,2020-05-06 15:20:18+00:00,464,7.733333333333333,0.01936481610148598,0.0006835959387677343,0.020048412040253715,2020Q2,2,Wednesday,5,2020,Career
Day in the Life of a Data Analyst | Fortune 500 Edition (During Quarantine),15664,525,52,PT6M55S,2020-04-23 13:08:33+00:00,415,6.916666666666667,0.03351634320735444,0.003319713993871297,0.03683605720122574,2020Q2,3,Thursday,4,2020,Other
Intermediate SQL Tutorial | Updating/Deleting Data,162422,3567,143,PT4M37S,2020-04-16 12:58:52+00:00,277,4.616666666666666,0.021961310659885977,0.0008804226028493677,0.022841733262735343,2020Q2,3,Thursday,4,2020,Tutorial
Intermediate SQL Tutorial | Having Clause,198783,4992,92,PT3M31S,2020-04-09 16:01:02+00:00,211,3.5166666666666666,0.02511281145772023,0.0004628162368009337,0.025575627694521163,2020Q2,3,Thursday,4,2020,Tutorial
Intermediate SQL Tutorial | Case Statement | Use Cases,328162,7775,439,PT7M26S,2020-04-02 15:16:37+00:00,446,7.433333333333334,0.02369256647631353,0.001337753914225291,0.02503032039053882,2020Q2,3,Thursday,4,2020,Tutorial
Intermediate SQL Tutorial | Unions | Union Operator,284323,5358,115,PT5M25S,2020-03-26 16:51:37+00:00,325,5.416666666666667,0.018844764581127802,0.0004044695645445497,0.019249234145672353,2020Q1,3,Thursday,3,2020,Tutorial
Intermediate SQL Tutorial | Inner/Outer Joins | Use Cases,586712,9586,477,PT15M53S,2020-03-19 15:40:58+00:00,953,15.883333333333333,0.016338510206029534,0.0008130053586768296,0.017151515564706364,2020Q1,3,Thursday,3,2020,Tutorial
Day in the Life of a Data Analyst | Fortune 500 Edition,127109,2592,259,PT4M20S,2020-03-11 13:44:54+00:00,260,4.333333333333333,0.02039194706905097,0.002037621254199152,0.022429568323250125,2020Q1,2,Wednesday,3,2020,Other
SQL Basics Tutorial For Beginners | Group By + Order By Statements | 4/4,345539,8383,236,PT8M9S,2020-03-03 15:06:36+00:00,489,8.15,0.024260647857405386,0.0006829909214299978,0.024943638778835386,2020Q1,1,Tuesday,3,2020,Tutorial
SQL Basics Tutorial For Beginners | Where Statement | 3/4,363988,6252,156,PT7M58S,2020-03-02 16:01:01+00:00,478,7.966666666666667,0.017176390430453752,0.00042858555776564063,0.01760497598821939,2020Q1,0,Monday,3,2020,Tutorial
SQL Basics Tutorial For Beginners | Select + From Statements | 2/4,531634,7564,302,PT6M14S,2020-03-01 17:02:28+00:00,374,6.233333333333333,0.014227833434279975,0.0005680599811148271,0.014795893415394801,2020Q1,6,Sunday,3,2020,Tutorial
SQL Basics Tutorial For Beginners | Installing SQL Server Management Studio and Create Tables | 1/4,1501759,18947,2053,PT9M37S,2020-03-01 00:50:38+00:00,577,9.616666666666667,0.012616538339374027,0.0013670635568023897,0.013983601896176418,2020Q1,6,Sunday,3,2020,Tutorial
Data Analyst Fact Check |  84k Average Starting Salary?? | The Career Force 2020 Data Analyst Salary,26134,856,161,PT7M34S,2020-02-26 15:11:22+00:00,454,7.566666666666666,0.03275426647279406,0.006160557128644677,0.03891482360143874,2020Q1,2,Wednesday,2,2020,Career
Data Analyst Resume | Reviewing YOUR Data Analyst Resumes!,27889,565,41,PT17M50S,2020-02-24 16:34:51+00:00,1070,17.833333333333332,0.020258883430743304,0.0014701136648857973,0.021728997095629102,2020Q1,0,Monday,2,2020,Career
Data Analyst Salary in 2020,8362,161,26,PT3M44S,2020-02-19 15:43:59+00:00,224,3.7333333333333334,0.01925376704137766,0.0031093039942597465,0.022363071035637408,2020Q1,2,Wednesday,2,2020,Career
Working With a Recruiter to Land Your First Job as a Data Analyst | LinkedIn Recruiters,15390,658,39,PT6M,2020-02-14 18:03:34+00:00,360,6.0,0.04275503573749188,0.00253411306042885,0.04528914879792073,2020Q1,4,Friday,2,2020,Career
Switching Careers to Become a Data Analyst | How I Made the Switch,51360,1840,252,PT4M11S,2020-02-11 15:03:18+00:00,251,4.183333333333334,0.03582554517133956,0.004906542056074766,0.04073208722741433,2020Q1,1,Tuesday,2,2020,Career
Data Analyst Resume | Complete Guide To Creating A Data Analyst Resume | Tips + Templates + Examples,128403,3623,105,PT11M18S,2020-02-06 16:00:52+00:00,678,11.3,0.028215851654556357,0.0008177379033200159,0.029033589557876372,2020Q1,3,Thursday,2,2020,Tutorial
Data Analyst Resume | Reviewing My Resume! | Fortune 500 Data Analyst,86172,1820,63,PT7M33S,2020-01-30 14:07:55+00:00,453,7.55,0.021120549598477464,0.0007310959476396046,0.021851645546117068,2020Q1,3,Thursday,1,2020,Career
Working at a Big Company Vs Small Company | Told by a Fortune 500 Data Analyst,16318,443,23,PT5M50S,2020-01-25 16:38:39+00:00,350,5.833333333333333,0.027147934795930875,0.001409486456673612,0.028557421252604485,2020Q1,5,Saturday,1,2020,Career
Data Analyst Salary | 100k with No Experience,66728,2260,218,PT5M3S,2020-01-23 03:16:09+00:00,303,5.05,0.03386884066658674,0.0032669943651840306,0.03713583503177077,2020Q1,3,Thursday,1,2020,Career
Truth About Big Companies | Told by a Fortune 500 Data Analyst,10227,371,21,PT5M45S,2020-01-21 03:52:15+00:00,345,5.75,0.03627652292950034,0.002053388090349076,0.038329911019849415,2020Q1,1,Tuesday,1,2020,Other
Top 3 Data Analyst Skills in 2020,32455,1525,144,PT2M40S,2020-01-17 14:31:39+00:00,160,2.6666666666666665,0.046988137421044525,0.004436912648282237,0.05142505006932676,2020Q1,4,Friday,1,2020,Advice
